pa_id,député,groupe_politique,anciennete,code_pcs,libelle_pcs,ville_naissance,pays_naissance,revenu_commune_naissance,CIRLEG,revenu_circonscription,age,departementNom,departementCode,circo,nombreMandats,scoreParticipation,scoreLoyaute,circo_label
PA1008,Alain David,SOC,7.2682,38,Ingénieur et cadre technique d'entreprise,Libourne,France,20130.0,33004,21141.0,76,Gironde,33,4,3,0.07,0.912,"Gironde (33), 4e circ."
PA1567,Jérôme Guedj,SOC,9.3361,33,Cadre de la fonction publique,Pantin,France,18580.0,91006,27121.0,54,Essonne,91,6,4,0.27,0.965,"Essonne (91), 6e circ."
PA1592,David Habib,LIOT,22.2078,37,Cadre administratif et commercial d'entreprise,Paris,France,31670.0,64003,21612.0,64,Pyrénées-Atlantiques,64,3,6,0.05,0.777,"Pyrénées-Atlantiques (64), 3e circ."
PA1630,Michel Herbillon,DR,26.0608,37,Cadre administratif et commercial d'entreprise,Saint-Mandé,France,40330.0,94008,30280.0,75,Val-de-Marne,94,8,6,0.09,0.961,"Val-de-Marne (94), 8e circ."
PA1654,François Hollande,SOC,24.8898,33,Cadre de la fonction publique,Rouen,,20870.0,19001,21783.0,71,Corrèze,19,1,3,0.13,0.912,"Corrèze (19), 1re circ."
PA227089,Valérie Létard,LIOT,31.6485,0,Non classé,,,,59021,19572.0,63,Nord,59,21,1,0.03,0.862,"Nord (59), 21e circ."
PA266793,Jean-Yves Bony,DR,10.4668,12,Agriculteur sur moyenne exploitation,Aurillac,France,21310.0,15002,20221.0,70,Cantal,15,2,4,0.17,0.878,"Cantal (15), 2e circ."
PA266797,Philippe Gosselin,DR,19.0557,34,"Professeur, profession scientifique",Carentan,France,20640.0,50001,21587.0,59,Manche,50,1,5,0.19,0.927,"Manche (50), 1re circ."
PA266808,Vincent Rolland,DR,11.9808,33,Cadre de la fonction publique,Moutiers,France,18210.0,73002,23031.0,56,Savoie,73,2,4,0.09,0.951,"Savoie (73), 2e circ."
PA267042,Yannick Favennec-Bécot,LIOT,21.9986,33,Cadre de la fonction publique,Chaudron-en-Mauges,France,21350.0,53003,21422.0,67,Mayenne,53,3,6,0.12,0.875,"Mayenne (53), 3e circ."
PA267200,Sébastien Huyghe,EPR,20.7702,31,Profession libérale,Béthune,France,18150.0,59005,24204.0,56,Nord,59,5,5,0.36,0.848,"Nord (59), 5e circ."
PA267285,Laurent Wauquiez,DR,14.3461,0,Non classé,Lyon,France,25860.0,43001,21836.0,50,Haute-Loire,43,1,4,0.10,0.969,"Haute-Loire (43), 1re circ."
PA267318,Jean-Carles Grelier,DEM,6.9815,31,Profession libérale,Le Mans,France,20620.0,72005,20984.0,59,Sarthe,72,5,3,0.04,0.945,"Sarthe (72), 5e circ."
PA267763,Jean-Pierre Bataille,LIOT,0.0,31,Profession libérale,Hazebrouck,France,20450.0,59015,22678.0,62,Nord,59,15,1,0.17,0.843,"Nord (59), 15e circ."
PA267780,Agnès Firmin Le Bodo,HOR,9.0086,31,Profession libérale,Le Havre,France,19190.0,76007,21154.0,57,Seine-Maritime,76,7,3,0.29,0.921,"Seine-Maritime (76), 7e circ."
PA267794,Michèle Tabarot,DR,24.5602,23,Chef d'entreprise de 10 salariés ou plus,Alicante,Espagne,,06009,24536.0,63,Alpes-Maritimes,06,9,6,0.07,0.976,"Alpes-Maritimes (06), 9e circ."
PA2940,Dominique Voynet,ECOS,6.9952,31,Profession libérale,Montbéliard,,17180.0,25002,21775.0,67,Doubs,25,2,1,0.36,0.915,"Doubs (25), 2e circ."
PA2952,Jean-Luc Warsmann,LIOT,25.3399,37,Cadre administratif et commercial d'entreprise,Villers Semeuse,France,21480.0,08003,19529.0,60,Ardennes,08,3,6,0.17,0.719,"Ardennes (08), 3e circ."
PA309643,Véronique Besse,NI,14.3737,35,"Profession de l'information, des arts et des spectacles",La Roche-sur-Yon,France,21940.0,85004,22492.0,62,Vendée,85,4,5,0.06,0.615,"Vendée (85), 4e circ."
PA330008,Xavier Breton,DR,16.9802,37,Cadre administratif et commercial d'entreprise,Darney,France,18560.0,01001,22677.0,63,Ain,01,1,5,0.15,0.845,"Ain (01), 1re circ."
PA330240,Éric Ciotti,UDDPLR,16.9802,0,Non classé,Nice,France,21150.0,06001,21150.0,60,Alpes-Maritimes,06,1,5,0.06,0.965,"Alpes-Maritimes (06), 1re circ."
PA330909,Vincent Descoeur,DR,11.9808,34,"Professeur, profession scientifique",Aurillac,France,21310.0,15001,21729.0,63,Cantal,15,1,4,0.23,0.873,"Cantal (15), 1re circ."
PA331582,Philippe Vigier,DEM,20.2834,31,Profession libérale,Valence,France,19730.0,28004,22560.0,68,Eure-et-Loir,28,4,5,0.26,0.946,"Eure-et-Loir (28), 4e circ."
PA331973,Pascale Got,SOC,9.9986,35,"Profession de l'information, des arts et des spectacles",Royan,France,23250.0,33005,23698.0,64,Gironde,33,5,3,0.26,0.962,"Gironde (33), 5e circ."
PA332228,Thierry Benoit,HOR,17.3547,37,Cadre administratif et commercial d'entreprise,Fougères,France,19980.0,35006,22267.0,59,Ille-et-Vilaine,35,6,5,0.34,0.801,"Ille-et-Vilaine (35), 6e circ."
PA332523,Marie-Christine Dalloz,DR,16.9802,0,Non classé,Saint-Claude,France,19410.0,39002,25692.0,68,Jura,39,2,5,0.22,0.901,"Jura (39), 2e circ."
PA333285,Guillaume Garot,SOC,21.2999,33,Cadre de la fonction publique,Laval,France,21180.0,53001,21985.0,59,Mayenne,53,1,5,0.27,0.972,"Mayenne (53), 1re circ."
PA335054,Marietta Karamanli,SOC,16.9802,34,"Professeur, profession scientifique",Athènes,Grèce,,72002,21607.0,61,Sarthe,72,2,5,0.26,0.926,"Sarthe (72), 2e circ."
PA335612,Jean-Paul Lecoq,GDR,12.564,43,Profession intermédiaire de la santé et du travail social,Le Havre,France,19190.0,76008,19311.0,67,Seine-Maritime,76,8,4,0.22,0.972,"Seine-Maritime (76), 8e circ."
PA335758,Franck Riester,EPR,19.4396,23,Chef d'entreprise de 10 salariés ou plus,Paris 15ème,France,31670.0,77005,25961.0,52,Seine-et-Marne,77,5,5,0.11,0.982,"Seine-et-Marne (77), 5e circ."
PA335999,Delphine Batho,ECOS,18.7107,33,Cadre de la fonction publique,Paris 12ème,France,31670.0,79002,21865.0,52,Deux-Sèvres,79,2,5,0.14,0.907,"Deux-Sèvres (79), 2e circ."
PA340343,Hervé Saulignac,SOC,6.9815,33,Cadre de la fonction publique,Privas,France,19680.0,07001,21465.0,55,Ardèche,07,1,3,0.17,0.949,"Ardèche (07), 1re circ."
PA341981,Marie Récalde,SOC,4.9993,37,Cadre administratif et commercial d'entreprise,Langon,France,19530.0,33006,26724.0,60,Gironde,33,6,2,0.15,0.979,"Gironde (33), 6e circ."
PA342196,Claudia Rouaux,SOC,6.9815,33,Cadre de la fonction publique,Sainte-Gemmes-d'Andigné,France,20910.0,35003,23046.0,62,Ille-et-Vilaine,35,3,3,0.36,0.973,"Ille-et-Vilaine (35), 3e circ."
PA342240,Jean-Luc Bourgeaux,DR,6.9815,12,Agriculteur sur moyenne exploitation,Paramé Saint-Malo,France,23540.0,35007,23851.0,62,Ille-et-Vilaine,35,7,3,0.17,0.917,"Ille-et-Vilaine (35), 7e circ."
PA342384,Élisa Martin,LFI-NFP,1.974,34,"Professeur, profession scientifique",Nancy,France,22210.0,38003,21932.0,53,Isère,38,3,2,0.35,0.993,"Isère (38), 3e circ."
PA342415,Marie-Noëlle Battistel,SOC,16.0186,37,Cadre administratif et commercial d'entreprise,Grenoble,France,21720.0,38004,24320.0,69,Isère,38,4,5,0.40,0.951,"Isère (38), 4e circ."
PA345722,Constance Le Grip,EPR,8.4616,33,Cadre de la fonction publique,Chatou,France,36720.0,92006,40942.0,65,Hauts-de-Seine,92,6,3,0.25,0.965,"Hauts-de-Seine (92), 6e circ."
PA346782,Philippe Juvin,DR,1.974,34,"Professeur, profession scientifique",Orléans,France,20750.0,92003,35274.0,62,Hauts-de-Seine,92,3,2,0.35,0.866,"Hauts-de-Seine (92), 3e circ."
PA368,Michel Barnier,DR,3.0185,0,Non classé,La Tronche,,31700.0,75002,31670.0,75,Paris,75,2,1,0.12,0.872,"Paris (75), 2e circ."
PA408578,Jean-Didier Berger,DR,0.1889,37,Cadre administratif et commercial d'entreprise,La Garenne Colombes,France,36300.0,92012,31707.0,46,Hauts-de-Seine,92,12,1,0.16,0.918,"Hauts-de-Seine (92), 12e circ."
PA569,Philippe Bonnecarrère,NI,9.6865,31,Profession libérale,Toulouse,,21810.0,81001,20983.0,70,Tarn,81,1,1,0.31,0.849,"Tarn (81), 1re circ."
PA588884,Clémentine Autain,ECOS,6.9815,35,"Profession de l'information, des arts et des spectacles",Saint Cloud,France,44770.0,93011,17407.0,52,Seine-Saint-Denis,93,11,3,0.13,0.966,"Seine-Saint-Denis (93), 11e circ."
PA605694,Olivier Falorni,DEM,11.9808,34,"Professeur, profession scientifique",rochefort-sur-mer,France,19720.0,17001,24328.0,53,Charente-Maritime,17,1,4,0.18,0.939,"Charente-Maritime (17), 1re circ."
PA605745,Nicolas Sansu,GDR,6.9733,33,Cadre de la fonction publique,Vierzon,France,17840.0,18002,21528.0,57,Cher,18,2,3,0.30,0.952,"Cher (18), 2e circ."
PA605782,Laurent Marcangeli,HOR,7.5573,31,Profession libérale,Ajaccio,France,23410.0,2a001,,45,Corse-du-sud,2a,1,3,0.14,0.930,"Corse-du-sud (2a), 1re circ."
PA606507,Florent Boudié,EPR,11.9808,33,Cadre de la fonction publique,Sainte-Foy-la-Grande,France,10290.0,33010,21688.0,52,Gironde,33,10,4,0.13,0.963,"Gironde (33), 10e circ."
PA606545,Jean-Louis Roumégas,ECOS,4.9993,43,Profession intermédiaire de la santé et du travail social,Alger,Algérie,,34001,19879.0,63,Hérault,34,1,2,0.18,0.985,"Hérault (34), 1re circ."
PA606573,Fanny Dombre Coste,SOC,5.4921,21,Artisan,St Adresse,France,24120.0,34003,21128.0,69,Hérault,34,3,2,0.24,0.974,"Hérault (34), 3e circ."
PA606793,Laurent Baumel,SOC,4.9993,37,Cadre administratif et commercial d'entreprise,Charleville-Mézières,France,16890.0,37004,22300.0,60,Indre-et-Loire,37,4,2,0.20,0.989,"Indre-et-Loire (37), 4e circ."
PA607090,Jean-Pierre Vigier,DR,11.9808,33,Cadre de la fonction publique,Brioude,France,19300.0,43002,20630.0,56,Haute-Loire,43,2,4,0.19,0.935,"Haute-Loire (43), 2e circ."
PA607193,Sophie Errante,NI,12.1509,23,Chef d'entreprise de 10 salariés ou plus,Nantes,France,24380.0,44010,25508.0,54,Loire-Atlantique,44,10,4,0.10,0.916,"Loire-Atlantique (44), 10e circ."
PA607395,Stéphane Travert,EPR,14.1418,37,Cadre administratif et commercial d'entreprise,Carentan,France,20640.0,50003,22294.0,56,Manche,50,3,4,0.22,0.915,"Manche (50), 3e circ."
PA607553,Dominique Potier,SOC,12.4819,12,Agriculteur sur moyenne exploitation,Toul,France,18970.0,54005,23570.0,61,Meurthe-et-Moselle,54,5,4,0.35,0.816,"Meurthe-et-Moselle (54), 5e circ."
PA607619,Paul Molac,LIOT,12.0,34,"Professeur, profession scientifique",Ploermel,France,23210.0,56004,21793.0,63,Morbihan,56,4,4,0.18,0.735,"Morbihan (56), 4e circ."
PA608016,Véronique Louwagie,DR,12.5582,31,Profession libérale,Buis sur Damville,France,25380.0,61002,20907.0,64,Orne,61,2,4,0.23,0.939,"Orne (61), 2e circ."
PA608172,Christine Pirès Beaune,SOC,12.9692,33,Cadre de la fonction publique,Saint Georges de Mons,France,20230.0,63002,23186.0,61,Puy-de-Dôme,63,2,4,0.33,0.975,"Puy-de-Dôme (63), 2e circ."
PA608264,Colette Capdevielle,SOC,4.9993,31,Profession libérale,Orthez,France,21810.0,64005,23515.0,67,Pyrénées-Atlantiques,64,5,2,0.41,0.964,"Pyrénées-Atlantiques (64), 5e circ."
PA608416,Patrick Hetzel,DR,11.9808,34,"Professeur, profession scientifique",Phalsbourg,France,22100.0,67007,24171.0,61,Bas-Rhin,67,7,4,0.35,0.938,"Bas-Rhin (67), 7e circ."
PA608826,Virginie Duby-Muller,DR,12.2765,37,Cadre administratif et commercial d'entreprise,Bonneville,France,25410.0,74004,33339.0,46,Haute-Savoie,74,4,4,0.16,0.919,"Haute-Savoie (74), 4e circ."
PA609332,Olivier Faure,SOC,12.3726,37,Cadre administratif et commercial d'entreprise,La Tronche,France,31700.0,77011,22774.0,57,Seine-et-Marne,77,11,4,0.12,0.948,"Seine-et-Marne (77), 11e circ."
PA610002,Eva Sas,ECOS,8.1585,37,Cadre administratif et commercial d'entreprise,Nice,France,21150.0,75008,31670.0,55,Paris,75,8,3,0.37,0.980,"Paris (75), 8e circ."
PA610654,Jean-Philippe Nilor,LFI-NFP,11.9808,33,Cadre de la fonction publique,FORT DE FRANCE,France,17540.0,97204,18699.0,60,Martinique,972,4,4,0.11,0.966,"Martinique (972), 4e circ."
PA610968,Pouria Amirshahi,ECOS,4.9993,33,Cadre de la fonction publique,Shemran,Iran,,75005,31670.0,53,Paris,75,5,2,0.48,0.970,"Paris (75), 5e circ."
PA642695,Éric Bothorel,EPR,12.4764,37,Cadre administratif et commercial d'entreprise,Paimpol,France,23610.0,22005,23571.0,59,Côtes-d'armor,22,5,4,0.33,0.942,"Côtes-d'armor (22), 5e circ."
PA642725,Eric Liégeon,DR,0.0,12,Agriculteur sur moyenne exploitation,Pontarlier,France,25540.0,25005,30877.0,65,Doubs,25,5,1,0.32,0.896,"Doubs (25), 5e circ."
PA642764,Joël Aviragnet,SOC,9.807,37,Cadre administratif et commercial d'entreprise,Encausse-les-Thermes,France,20420.0,31008,20970.0,69,Haute-Garonne,31,8,4,0.12,0.953,"Haute-Garonne (31), 8e circ."
PA642847,Thibault Bazin,DR,6.9815,37,Cadre administratif et commercial d'entreprise,Nancy,France,22210.0,54004,22482.0,41,Meurthe-et-Moselle,54,4,3,0.32,0.899,"Meurthe-et-Moselle (54), 4e circ."
PA642868,Paul Christophe,HOR,7.989,33,Cadre de la fonction publique,Les Sables d'Olonne,France,24720.0,59014,21396.0,55,Nord,59,14,3,0.26,0.944,"Nord (59), 14e circ."
PA642935,Olivier Becht,EPR,9.6958,33,Cadre de la fonction publique,Strasbourg,France,19210.0,68005,19282.0,49,Haut-Rhin,68,5,3,0.03,0.927,"Haut-Rhin (68), 5e circ."
PA642988,Hervé de Lépinau,RN,1.974,31,Profession libérale,Boulogne-Billancourt,France,38810.0,84003,21073.0,56,Vaucluse,84,3,2,0.33,0.991,"Vaucluse (84), 3e circ."
PA643089,Jean-Louis Thiériot,DR,7.5548,31,Profession libérale,Paris 14ème,France,31670.0,77003,24008.0,56,Seine-et-Marne,77,3,3,0.07,0.969,"Seine-et-Marne (77), 3e circ."
PA643104,Christelle Minard,DR,0.0,12,Agriculteur sur moyenne exploitation,Chartres,France,22560.0,28002,21609.0,55,Eure-et-Loir,28,2,1,0.34,0.964,"Eure-et-Loir (28), 2e circ."
PA643143,Christian Baptiste,SOC,1.974,33,Cadre de la fonction publique,Pointe-à-Pitre,France,,97102,,63,Guadeloupe,971,2,2,0.20,0.968,"Guadeloupe (971), 2e circ."
PA643157,Philippe Naillet,SOC,8.9008,37,Cadre administratif et commercial d'entreprise,St Denis Réunion,France,15920.0,97401,15920.0,65,Réunion,974,1,4,0.25,0.968,"Réunion (974), 1re circ."
PA643175,Stella Dupont,NI,6.9815,37,Cadre administratif et commercial d'entreprise,Angers,France,20870.0,49002,21987.0,52,Maine-et-Loire,49,2,3,0.33,0.832,"Maine-et-Loire (49), 2e circ."
PA643184,Brigitte Klinkert,EPR,7.5001,74,Ancien cadre,Colmar,France,20600.0,68001,23348.0,69,Haut-Rhin,68,1,3,0.27,0.968,"Haut-Rhin (68), 1re circ."
PA643192,Chantal Jourdan,SOC,6.9815,33,Cadre de la fonction publique,Domfront,France,20790.0,61001,20734.0,67,Orne,61,1,3,0.46,0.930,"Orne (61), 1re circ."
PA677483,Stéphane Mazars,EPR,10.7491,31,Profession libérale,Saint-Yriex-la-Perche,France,21470.0,12001,22495.0,56,Aveyron,12,1,3,0.25,0.972,"Aveyron (12), 1re circ."
PA687214,Sylvain Berrios,HOR,4.5092,0,Non classé,Maisons-Alfort,France,29190.0,94001,24661.0,57,Val-de-Marne,94,1,2,0.20,0.878,"Val-de-Marne (94), 1re circ."
PA695512,Guillaume Lepers,DR,0.0,37,Cadre administratif et commercial d'entreprise,Besançon,France,19890.0,47003,19736.0,47,Lot-et-Garonne,47,3,1,0.20,0.922,"Lot-et-Garonne (47), 3e circ."
PA712014,Vincent Ledoux,EPR,9.2266,34,"Professeur, profession scientifique",Watermael Boitsfort,Belgique,,59010,19389.0,59,Nord,59,10,4,0.10,0.942,"Nord (59), 10e circ."
PA712015,Julien Dive,DR,9.3251,38,Ingénieur et cadre technique d'entreprise,Saint Quentin,France,16710.0,02002,19697.0,40,Aisne,02,2,4,0.12,0.970,"Aisne (02), 2e circ."
PA717161,Élisabeth Borne,EPR,13.655,38,Ingénieur et cadre technique d'entreprise,PARIS,France,31670.0,14006,22636.0,64,Calvados,14,6,2,0.12,0.945,"Calvados (14), 6e circ."
PA717379,Sylvain Maillard,EPR,7.2627,23,Chef d'entreprise de 10 salariés ou plus,Saint-Maur-des-Fossés,France,35720.0,75001,31670.0,51,Paris,75,1,3,0.23,0.960,"Paris (75), 1re circ."
PA718674,Olga Givernet,EPR,6.9815,38,Ingénieur et cadre technique d'entreprise,Saint-Germain-En-Laye,France,36220.0,01003,34398.0,44,Ain,01,3,3,0.27,0.983,"Ain (01), 3e circ."
PA718784,Éric Pauget,DR,6.9815,37,Cadre administratif et commercial d'entreprise,Antibes,France,24700.0,06007,26413.0,55,Alpes-Maritimes,06,7,3,0.08,0.961,"Alpes-Maritimes (06), 7e circ."
PA718838,Fabrice Brun,DR,6.9815,22,Commerçant et assimilé,Avignon,France,15800.0,07003,20253.0,57,Ardèche,07,3,3,0.08,0.869,"Ardèche (07), 3e circ."
PA718850,Pierre Cordier,DR,6.9815,33,Cadre de la fonction publique,Charleville-Mézières,France,16890.0,08002,18943.0,53,Ardennes,08,2,3,0.12,0.897,"Ardennes (08), 2e circ."
PA718884,Valérie Bazin-Malgras,DR,6.9815,37,Cadre administratif et commercial d'entreprise,Romilly sur seine,France,15870.0,10002,20532.0,56,Aube,10,2,3,0.37,0.960,"Aube (10), 2e circ."
PA719024,Christophe Blanchet,DEM,6.9815,22,Commerçant et assimilé,Caen,France,21220.0,14004,23683.0,52,Calvados,14,4,3,0.25,0.943,"Calvados (14), 4e circ."
PA719032,Bertrand Bouyx,HOR,6.9815,43,Profession intermédiaire de la santé et du travail social,Juvisy-sur-Orge,France,23600.0,14005,24498.0,55,Calvados,14,5,3,0.32,0.937,"Calvados (14), 5e circ."
PA719052,Loïc Kervran,HOR,7.5647,37,Cadre administratif et commercial d'entreprise,Moulins,France,18660.0,18003,21281.0,42,Cher,18,3,3,0.30,0.909,"Cher (18), 3e circ."
PA719080,Sandra Marsaud,EPR,6.9815,37,Cadre administratif et commercial d'entreprise,Périgueux,France,19980.0,16002,22348.0,52,Charente,16,2,3,0.25,0.957,"Charente (16), 2e circ."
PA719118,François Cormier-Bouligeon,EPR,7.4771,33,Cadre de la fonction publique,Bourges,France,21290.0,18001,22057.0,53,Cher,18,1,3,0.24,0.969,"Cher (18), 1re circ."
PA719138,Michel Castellani,LIOT,6.9815,34,"Professeur, profession scientifique",Bastia,France,19830.0,2b001,,80,Haute-corse,2b,1,3,0.05,0.830,"Haute-corse (2b), 1re circ."
PA719218,Hervé Berville,EPR,7.7969,37,Cadre administratif et commercial d'entreprise,Madanzh Buhimga,Rwanda,,22002,23029.0,36,Côtes-d'armor,22,2,3,0.20,0.947,"Côtes-d'armor (22), 2e circ."
PA719272,Frédérique Meunier,DR,6.9815,31,Profession libérale,Paris,France,31670.0,19002,21822.0,65,Corrèze,19,2,3,0.14,0.783,"Corrèze (19), 2e circ."
PA719286,Paul-André Colombani,LIOT,6.9815,31,Profession libérale,Bastia,France,19830.0,2a002,,58,Corse-du-sud,2a,2,3,0.10,0.824,"Corse-du-sud (2a), 2e circ."
PA719338,Graziella Melchior,EPR,6.9815,34,"Professeur, profession scientifique",Brest,France,20950.0,29005,23720.0,65,Finistère,29,5,3,0.29,0.976,"Finistère (29), 5e circ."
PA719372,Guillaume Kasbarian,EPR,7.948,37,Cadre administratif et commercial d'entreprise,Marseille,France,19710.0,28001,25420.0,39,Eure-et-Loir,28,1,3,0.23,0.964,"Eure-et-Loir (28), 1re circ."
PA719388,Annaïg Le Meur,EPR,7.9847,21,Artisan,Brest,France,20950.0,29001,23787.0,52,Finistère,29,1,3,0.22,0.984,"Finistère (29), 1re circ."
PA719404,Didier Le Gac,EPR,6.9815,43,Profession intermédiaire de la santé et du travail social,Castres,France,20120.0,29003,22628.0,60,Finistère,29,3,3,0.15,0.958,"Finistère (29), 3e circ."
PA719412,Sandrine Le Feur,EPR,6.9815,12,Agriculteur sur moyenne exploitation,Saint Brieuc,France,20140.0,29004,22368.0,34,Finistère,29,4,3,0.27,0.966,"Finistère (29), 4e circ."
PA719436,Nicolas Meizonnet,RN,6.9815,38,Ingénieur et cadre technique d'entreprise,Nimes,France,17290.0,30002,22233.0,42,Gard,30,2,3,0.33,0.994,"Gard (30), 2e circ."
PA719472,Jean-René Cazeneuve,EPR,7.7262,38,Ingénieur et cadre technique d'entreprise,Paris,France,31670.0,32001,21492.0,67,Gers,32,1,3,0.26,0.956,"Gers (32), 1re circ."
PA719512,Corinne Vignon,EPR,6.9815,37,Cadre administratif et commercial d'entreprise,Agen,France,17870.0,31003,22548.0,62,Haute-Garonne,31,3,3,0.27,0.971,"Haute-Garonne (31), 3e circ."
PA719528,Jean-François Portarrieu,HOR,6.9815,35,"Profession de l'information, des arts et des spectacles",Toulouse,France,21810.0,31005,24589.0,60,Haute-Garonne,31,5,3,0.04,0.921,"Haute-Garonne (31), 5e circ."
PA719550,Liliana Tanguy,EPR,6.9815,33,Cadre de la fonction publique,Pancevo,Serbie,,29007,22814.0,58,Finistère,29,7,3,0.45,0.853,"Finistère (29), 7e circ."
PA719558,Erwan Balanant,DEM,8.0496,35,"Profession de l'information, des arts et des spectacles",Lorient,France,20200.0,29008,23020.0,55,Finistère,29,8,3,0.20,0.909,"Finistère (29), 8e circ."
PA719578,Loïc Prud'homme,LFI-NFP,6.9815,43,Profession intermédiaire de la santé et du travail social,Bègles,France,23330.0,33003,24862.0,56,Gironde,33,3,3,0.19,0.977,"Gironde (33), 3e circ."
PA719632,Sophie Panonacle,EPR,6.9815,0,Non classé,Bordeaux,France,25340.0,33008,25996.0,57,Gironde,33,8,3,0.16,0.946,"Gironde (33), 8e circ."
PA719640,Sophie Mette,DEM,6.9815,0,Non classé,Montauban,France,21140.0,33009,24314.0,66,Gironde,33,9,3,0.45,0.947,"Gironde (33), 9e circ."
PA719736,Camille Galliard-Minier,EPR,5.0075,0,Non classé,La Tronche,France,31700.0,38001,25306.0,50,Isère,38,1,2,0.23,0.974,"Isère (38), 1re circ."
PA719756,Christine Le Nabour,EPR,7.614,43,Profession intermédiaire de la santé et du travail social,Noisy-le-Sec,France,16690.0,35005,23553.0,61,Ille-et-Vilaine,35,5,3,0.29,0.977,"Ille-et-Vilaine (35), 5e circ."
PA719778,François Jolivet,HOR,7.5647,37,Cadre administratif et commercial d'entreprise,Chateauroux,France,19420.0,36001,20152.0,59,Indre,36,1,3,0.18,0.916,"Indre (36), 1re circ."
PA719798,Daniel Labaronne,EPR,8.0293,33,Cadre de la fonction publique,Paris,France,31670.0,37002,24153.0,70,Indre-et-Loire,37,2,3,0.29,0.959,"Indre-et-Loire (37), 2e circ."
PA719822,Sabine Thillaye,DEM,6.9815,22,Commerçant et assimilé,Remscheid,Allemagne,,37005,22520.0,66,Indre-et-Loire,37,5,3,0.26,0.953,"Indre-et-Loire (37), 5e circ."
PA719890,Danielle Brulebois,EPR,6.9815,74,Ancien cadre,Longwy sur le Doubs,France,20130.0,39001,22462.0,78,Jura,39,1,3,0.35,0.907,"Jura (39), 1re circ."
PA719914,Geneviève Darrieussecq,DEM,14.6259,31,Profession libérale,Dax,France,19790.0,40001,22685.0,70,Landes,40,1,3,0.27,0.945,"Landes (40), 1re circ."
PA719922,Lionel Causse,EPR,7.4771,37,Cadre administratif et commercial d'entreprise,Toulouse,France,21810.0,40002,23467.0,54,Landes,40,2,3,0.14,0.894,"Landes (40), 2e circ."
PA719930,Boris Vallaud,SOC,7.5647,33,Cadre de la fonction publique,Beyrouth,Liban,,40003,21908.0,50,Landes,40,3,3,0.33,0.968,"Landes (40), 3e circ."
PA719938,Marc Fesneau,DEM,9.954,33,Cadre de la fonction publique,Paris,France,31670.0,41001,21794.0,55,Loir-et-Cher,41,1,3,0.22,0.960,"Loir-et-Cher (41), 1re circ."
PA719968,Sylvie Bonnet,DR,0.5229,33,Cadre de la fonction publique,Saint-Just-Saint-Rambert,France,26500.0,42004,22026.0,56,Loire,42,4,2,0.17,0.960,"Loire (42), 4e circ."
PA720022,Michel Lauzzana,EPR,6.9815,31,Profession libérale,Castelsarrasin,France,18840.0,47001,21408.0,68,Lot-et-Garonne,47,1,3,0.32,0.941,"Lot-et-Garonne (47), 1re circ."
PA720038,Sandrine Josso,DEM,7.1513,31,Profession libérale,Guérande,France,25510.0,44007,25056.0,50,Loire-Atlantique,44,7,3,0.27,0.930,"Loire-Atlantique (44), 7e circ."
PA720092,Richard Ramos,DEM,6.9815,37,Cadre administratif et commercial d'entreprise,Blois,France,18130.0,45006,22255.0,57,Loiret,45,6,3,0.04,0.872,"Loiret (45), 6e circ."
PA720100,Aurélien Pradié,NI,7.4798,37,Cadre administratif et commercial d'entreprise,Cahors,France,21240.0,46001,21552.0,39,Lot,46,1,3,0.03,0.638,"Lot (46), 1re circ."
PA720138,Laetitia Saint-Paul,HOR,6.9815,33,Cadre de la fonction publique,Chartres,France,22560.0,49004,21406.0,45,Maine-et-Loire,49,4,3,0.23,0.923,"Maine-et-Loire (49), 4e circ."
PA720146,Denis Masséglia,EPR,6.9815,38,Ingénieur et cadre technique d'entreprise,Nice,France,21150.0,49005,22158.0,44,Maine-et-Loire,49,5,3,0.26,0.949,"Maine-et-Loire (49), 5e circ."
PA720154,Nicole Dubré-Chirat,EPR,6.9815,74,Ancien cadre,Felletin,France,19300.0,49006,21715.0,74,Maine-et-Loire,49,6,3,0.42,0.969,"Maine-et-Loire (49), 6e circ."
PA720162,Philippe Bolo,DEM,6.9815,38,Ingénieur et cadre technique d'entreprise,Limoges,France,19850.0,49007,21586.0,58,Maine-et-Loire,49,7,3,0.22,0.955,"Maine-et-Loire (49), 7e circ."
PA720190,Bertrand Sorre,EPR,6.9815,52,Employé civil et agent de service de la fonction publique,Cherbourg,France,22490.0,50002,21922.0,60,Manche,50,2,3,0.19,0.980,"Manche (50), 2e circ."
PA720230,Lise Magnier,HOR,6.9815,33,Cadre de la fonction publique,Châlons-sur-Marne,France,19500.0,51004,20484.0,41,Marne,51,4,3,0.31,0.869,"Marne (51), 4e circ."
PA720256,Géraldine Bannier,DEM,7.563,34,"Professeur, profession scientifique",Laval,France,21180.0,53002,21532.0,46,Mayenne,53,2,3,0.26,0.939,"Mayenne (53), 2e circ."
PA720334,Jimmy Pahun,DEM,6.9815,43,Profession intermédiaire de la santé et du travail social,Paris,France,31670.0,56002,23941.0,63,Morbihan,56,2,3,0.26,0.911,"Morbihan (56), 2e circ."
PA720342,Nicole Le Peih,EPR,6.9815,12,Agriculteur sur moyenne exploitation,Pontivy,France,21130.0,56003,22441.0,66,Morbihan,56,3,3,0.30,0.964,"Morbihan (56), 3e circ."
PA720354,Jean-Michel Jacques,EPR,8.4739,43,Profession intermédiaire de la santé et du travail social,Metz,France,20310.0,56006,22472.0,58,Morbihan,56,6,3,0.07,0.968,"Morbihan (56), 6e circ."
PA720362,Belkhir Belhaddad,SOC,7.2635,23,Chef d'entreprise de 10 salariés ou plus,Timgad,Algérie,,57001,21443.0,56,Moselle,57,1,3,0.26,0.934,"Moselle (57), 1re circ."
PA720370,Ludovic Mendes,EPR,7.3073,37,Cadre administratif et commercial d'entreprise,Metz,France,20310.0,57002,22773.0,38,Moselle,57,2,3,0.12,0.968,"Moselle (57), 2e circ."
PA720386,Fabien Di Filippo,DR,6.9815,74,Ancien cadre,Sarrebourg,France,19350.0,57004,22191.0,39,Moselle,57,4,3,0.16,0.909,"Moselle (57), 4e circ."
PA720430,Ugo Bernalicis,LFI-NFP,6.9815,33,Cadre de la fonction publique,Arras,France,19330.0,59002,20164.0,36,Nord,59,2,3,0.20,0.995,"Nord (59), 2e circ."
PA720446,Brigitte Liso,EPR,6.9815,22,Commerçant et assimilé,Lille,France,19700.0,59004,22310.0,66,Nord,59,4,3,0.27,0.976,"Nord (59), 4e circ."
PA720468,Sébastien Chenu,RN,6.9815,37,Cadre administratif et commercial d'entreprise,Beauvais,France,18180.0,59019,17755.0,52,Nord,59,19,3,0.16,0.945,"Nord (59), 19e circ."
PA720552,Isabelle Rauch,HOR,8.3762,31,Profession libérale,Villers-Semeuse,France,21480.0,57009,27619.0,57,Moselle,57,9,3,0.16,0.929,"Moselle (57), 9e circ."
PA720560,Perrine Goulet,DEM,7.3566,37,Cadre administratif et commercial d'entreprise,Nevers,France,19080.0,58001,21151.0,47,Nièvre,58,1,3,0.19,0.937,"Nièvre (58), 1re circ."
PA720614,Marine Le Pen,RN,7.5655,31,Profession libérale,Neuilly-sur-Seine,France,55520.0,62011,18209.0,57,Pas-de-Calais,62,11,3,0.13,0.997,"Pas-de-Calais (62), 11e circ."
PA720644,Jérôme Nury,DR,6.9815,33,Cadre de la fonction publique,Valence,France,19730.0,61003,20702.0,53,Orne,61,3,3,0.09,0.866,"Orne (61), 3e circ."
PA720668,Emmanuel Blairy,RN,6.9815,43,Profession intermédiaire de la santé et du travail social,Lens,France,15220.0,62001,22001.0,39,Pas-de-Calais,62,1,3,0.21,0.995,"Pas-de-Calais (62), 1re circ."
PA720720,Josy Poueyto,DEM,6.9815,74,Ancien cadre,paris 04,France,31670.0,64001,22294.0,72,Pyrénées-Atlantiques,64,1,3,0.23,0.929,"Pyrénées-Atlantiques (64), 1re circ."
PA720728,Jean-Paul Mattei,DEM,7.5655,31,Profession libérale,Saarburg,Allemagne,,64002,23215.0,71,Pyrénées-Atlantiques,64,2,3,0.35,0.956,"Pyrénées-Atlantiques (64), 2e circ."
PA720822,Bruno Bilde,RN,6.9815,31,Profession libérale,Laxou,France,23960.0,62012,18997.0,49,Pas-de-Calais,62,12,3,0.23,0.993,"Pas-de-Calais (62), 12e circ."
PA720838,Soumya Bourouaha,GDR,1.974,43,Profession intermédiaire de la santé et du travail social,Ghazaouet,Algérie,,93004,13985.0,61,Seine-Saint-Denis,93,4,2,0.15,0.949,"Seine-Saint-Denis (93), 4e circ."
PA720846,Bastien Lachaud,LFI-NFP,6.9815,34,"Professeur, profession scientifique",Vitry sur Seine,France,18310.0,93006,15012.0,45,Seine-Saint-Denis,93,6,3,0.32,0.996,"Seine-Saint-Denis (93), 6e circ."
PA720892,Mathilde Panot,LFI-NFP,7.7725,37,Cadre administratif et commercial d'entreprise,Tours,France,20750.0,94010,19346.0,37,Val-de-Marne,94,10,3,0.37,0.998,"Val-de-Marne (94), 10e circ."
PA720952,Aurélien Taché,LFI-NFP,7.4278,33,Cadre de la fonction publique,Niort,France,23030.0,95010,22656.0,41,Val-d'oise,95,10,3,0.11,0.984,"Val-d'oise (95), 10e circ."
PA720960,Olivier Serva,LIOT,7.4825,31,Profession libérale,Pointe-à-Pitre,France,,97101,,51,Guadeloupe,971,1,3,0.02,0.715,"Guadeloupe (971), 1re circ."
PA720976,Max Mathiasin,LIOT,7.4743,33,Cadre de la fonction publique,Deshaies,France,,97103,,70,Guadeloupe,971,3,3,0.04,0.784,"Guadeloupe (971), 3e circ."
PA720992,Jiovanny William,SOC,1.974,31,Profession libérale,Fort-de-France,France,17540.0,97201,18490.0,40,Martinique,972,1,2,0.06,0.924,"Martinique (972), 1re circ."
PA721004,Amélia Lakrafi,EPR,6.9815,22,Commerçant et assimilé,Casablanca,Maroc,,09910,,47,Français établis hors de France,099,10,3,0.13,0.945,"Français établis hors de France (099), 10e circ."
PA721024,Anne Genetet,EPR,7.4278,31,Profession libérale,Neuilly sur seine,France,55520.0,09911,,62,Français établis hors de France,099,11,3,0.25,0.963,"Français établis hors de France (099), 11e circ."
PA721062,Jean-Hugues Ratenon,LFI-NFP,6.9815,55,Employé de commerce,Saint-Benoit,France,10200.0,97405,11210.0,58,Réunion,974,5,3,0.22,0.991,"Réunion (974), 5e circ."
PA721110,Nicole Sanquer,LIOT,5.0075,34,"Professeur, profession scientifique",Papeete,Polynésie française,,98702,,53,Polynésie française,987,2,2,0.07,0.751,"Polynésie française (987), 2e circ."
PA721158,Pieyre-Alexandre Anglade,EPR,6.9815,33,Cadre de la fonction publique,Paris,France,31670.0,09904,,39,Français établis hors de France,099,4,3,0.24,0.956,"Français établis hors de France (099), 4e circ."
PA721182,Frédéric Petit,DEM,6.9815,38,Ingénieur et cadre technique d'entreprise,Marseille,France,19710.0,09907,,65,Français établis hors de France,099,7,3,0.26,0.961,"Français établis hors de France (099), 7e circ."
PA721202,Éric Coquerel,LFI-NFP,7.5647,31,Profession libérale,Courbevoie,France,34740.0,93001,15836.0,67,Seine-Saint-Denis,93,1,3,0.23,0.949,"Seine-Saint-Denis (93), 1re circ."
PA721210,Alexis Corbière,ECOS,7.0007,34,"Professeur, profession scientifique",Béziers,France,14700.0,93007,19710.0,57,Seine-Saint-Denis,93,7,3,0.23,0.948,"Seine-Saint-Denis (93), 7e circ."
PA721234,Maud Petit,DEM,7.4771,37,Cadre administratif et commercial d'entreprise,Paris 15,France,31670.0,94004,26696.0,54,Val-de-Marne,94,4,3,0.31,0.808,"Val-de-Marne (94), 4e circ."
PA721270,Stéphane Peu,GDR,6.9815,54,Employé administratif d'entreprise,Pau,France,20290.0,93002,14126.0,63,Seine-Saint-Denis,93,2,3,0.20,0.933,"Seine-Saint-Denis (93), 2e circ."
PA721296,Guillaume Gouffier Valente,EPR,7.2279,33,Cadre de la fonction publique,Beauvais,France,18180.0,94006,33608.0,40,Val-de-Marne,94,6,3,0.36,0.953,"Val-de-Marne (94), 6e circ."
PA721314,Raphaël Schellenberger,NI,6.9815,33,Cadre de la fonction publique,Mulhouse,France,14390.0,68004,25009.0,36,Haut-Rhin,68,4,3,0.08,0.851,"Haut-Rhin (68), 4e circ."
PA721336,Blandine Brocard,DEM,6.9815,54,Employé administratif d'entreprise,Strasbourg,France,19210.0,69005,31557.0,44,Rhône,69,5,3,0.18,0.699,"Rhône (69), 5e circ."
PA721410,Émilie Bonnivard,DR,6.9815,37,Cadre administratif et commercial d'entreprise,Chambéry,France,21330.0,73003,24570.0,45,Savoie,73,3,3,0.39,0.951,"Savoie (73), 3e circ."
PA721426,Véronique Riotton,EPR,7.0669,23,Chef d'entreprise de 10 salariés ou plus,Bonneville,France,25410.0,74001,28630.0,56,Haute-Savoie,74,1,3,0.23,0.970,"Haute-Savoie (74), 1re circ."
PA721458,Xavier Roseren,HOR,6.9815,22,Commerçant et assimilé,chamonix mont blanc,France,24620.0,74006,24971.0,56,Haute-Savoie,74,6,3,0.09,0.932,"Haute-Savoie (74), 6e circ."
PA721474,Stéphane Viry,LIOT,6.9815,31,Profession libérale,Epinal,France,19310.0,88001,21240.0,56,Vosges,88,1,3,0.06,0.922,"Vosges (88), 1re circ."
PA721486,Christophe Naegelen,LIOT,6.9815,23,Chef d'entreprise de 10 salariés ou plus,Remiremont,France,19770.0,88003,21407.0,42,Vosges,88,3,3,0.15,0.836,"Vosges (88), 3e circ."
PA721584,Jean Terlier,EPR,6.9815,31,Profession libérale,Toulon,France,20270.0,81003,21359.0,49,Tarn,81,3,3,0.21,0.953,"Tarn (81), 3e circ."
PA721750,Céline Calvez,EPR,7.776,22,Commerçant et assimilé,Rennes,France,22630.0,92005,30306.0,46,Hauts-de-Seine,92,5,3,0.28,0.969,"Hauts-de-Seine (92), 5e circ."
PA721764,Olivia Grégoire,EPR,8.2563,31,Profession libérale,Paris,France,31670.0,75012,31670.0,47,Paris,75,12,3,0.16,0.957,"Paris (75), 12e circ."
PA721816,Ian Boucard,DR,6.8227,33,Cadre de la fonction publique,Belfort,France,17660.0,90001,21664.0,37,Territoire de Belfort,90,1,3,0.18,0.900,"Territoire de Belfort (90), 1re circ."
PA721844,Béatrice Piron,HOR,6.9815,23,Chef d'entreprise de 10 salariés ou plus,Martigues,France,22300.0,78003,35374.0,60,Yvelines,78,3,3,0.44,0.891,"Yvelines (78), 3e circ."
PA721852,Marie Lebec,EPR,7.186,37,Cadre administratif et commercial d'entreprise,Vernon,France,20210.0,78004,35291.0,35,Yvelines,78,4,3,0.30,0.973,"Yvelines (78), 4e circ."
PA721896,Elsa Faucillon,GDR,6.9815,54,Employé administratif d'entreprise,Amiens,France,18460.0,92001,21534.0,44,Hauts-de-Seine,92,1,3,0.17,0.969,"Hauts-de-Seine (92), 1re circ."
PA721908,Yaël Braun-Pivet,EPR,9.5888,31,Profession libérale,Nancy,France,22210.0,78005,34534.0,55,Yvelines,78,5,3,1.00,0.988,"Yvelines (78), 5e circ."
PA721916,Natalia Pouzyreff,EPR,6.9815,74,Ancien cadre,Limoges,France,19850.0,78006,31938.0,65,Yvelines,78,6,3,0.21,0.973,"Yvelines (78), 6e circ."
PA721932,Marie-France Lorho,RN,6.9815,46,Profession intermédiaire administrative et commerciale des entreprises,Colmar,France,20600.0,84004,21050.0,61,Vaucluse,84,4,3,0.47,0.991,"Vaucluse (84), 4e circ."
PA721960,Danièle Obono,LFI-NFP,7.0007,33,Cadre de la fonction publique,Libreville,Gabon,,75017,31670.0,45,Paris,75,17,3,0.25,0.997,"Paris (75), 17e circ."
PA721984,Philippe Latombe,DEM,6.9815,37,Cadre administratif et commercial d'entreprise,Paris 14,France,31670.0,85001,22460.0,50,Vendée,85,1,3,0.08,0.957,"Vendée (85), 1re circ."
PA722000,Stéphane Buchou,EPR,7.4771,37,Cadre administratif et commercial d'entreprise,Strasbourg,France,19210.0,85003,23660.0,51,Vendée,85,3,3,0.23,0.970,"Vendée (85), 3e circ."
PA722070,Pierre Henriet,HOR,6.9815,43,Profession intermédiaire de la santé et du travail social,Fontenay le Comte,France,20730.0,85005,21191.0,34,Vendée,85,5,3,0.20,0.919,"Vendée (85), 5e circ."
PA722102,Annie Vidal,EPR,6.9815,74,Ancien cadre,La Bohalle,France,24590.0,76002,26831.0,69,Seine-Maritime,76,2,3,0.28,0.766,"Seine-Maritime (76), 2e circ."
PA722134,Jean-Marie Fiévet,EPR,6.9815,43,Profession intermédiaire de la santé et du travail social,Bressuire,France,20850.0,79003,20516.0,61,Deux-Sèvres,79,3,3,0.28,0.958,"Deux-Sèvres (79), 3e circ."
PA722142,François Ruffin,ECOS,6.9815,33,Cadre de la fonction publique,Calais,France,16680.0,80001,19542.0,50,Somme,80,1,3,0.09,0.975,"Somme (80), 1re circ."
PA722150,Sacha Houlié,SOC,7.5647,31,Profession libérale,Bressuire,France,20850.0,86002,21915.0,37,Vienne,86,2,3,0.16,0.851,"Vienne (86), 2e circ."
PA722162,Nicolas Turquois,DEM,7.4771,12,Agriculteur sur moyenne exploitation,Tours,France,20750.0,86004,20484.0,53,Vienne,86,4,3,0.23,0.945,"Vienne (86), 4e circ."
PA722190,Gabriel Attal,EPR,9.0464,37,Cadre administratif et commercial d'entreprise,Clamart,France,31840.0,92010,36600.0,36,Hauts-de-Seine,92,10,3,0.28,0.984,"Hauts-de-Seine (92), 10e circ."
PA722252,Marie-Pierre Rixain,EPR,7.3895,31,Profession libérale,Saint-Cyr-l'Ecole,France,27580.0,91004,29266.0,49,Essonne,91,4,3,0.07,0.923,"Essonne (91), 4e circ."
PA722284,Bruno Fuchs,DEM,6.9815,23,Chef d'entreprise de 10 salariés ou plus,Colmar,France,20600.0,68006,21090.0,66,Haut-Rhin,68,6,3,0.10,0.926,"Haut-Rhin (68), 6e circ."
PA722336,Vincent Thiébaut,HOR,6.9815,37,Cadre administratif et commercial d'entreprise,Toulouse,France,21810.0,67009,25668.0,53,Bas-Rhin,67,9,3,0.11,0.923,"Bas-Rhin (67), 9e circ."
PA722358,Thomas Gassilloud,EPR,7.5647,23,Chef d'entreprise de 10 salariés ou plus,Saint Symphorien Sur Coise,France,21060.0,69010,28072.0,44,Rhône,69,10,3,0.06,0.915,"Rhône (69), 10e circ."
PA722366,Jean-Luc Fugit,EPR,6.9815,34,"Professeur, profession scientifique",Rodez,France,21820.0,69011,25783.0,56,Rhône,69,11,3,0.52,0.969,"Rhône (69), 11e circ."
PA722374,Cyrille Isaac-Sibille,DEM,7.4798,31,Profession libérale,Lyon 06,France,25860.0,69012,27235.0,67,Rhône,69,12,3,0.20,0.848,"Rhône (69), 12e circ."
PA722382,Benjamin Dirx,EPR,7.7207,22,Commerçant et assimilé,Villefranche-sur-Saone,France,18440.0,71001,22642.0,47,Saône-et-Loire,71,1,3,0.16,0.966,"Saône-et-Loire (71), 1re circ."
PA722390,Josiane Corneloup,DR,7.3577,31,Profession libérale,Le Creusot,France,19410.0,71002,21274.0,66,Saône-et-Loire,71,2,3,0.26,0.917,"Saône-et-Loire (71), 2e circ."
PA736201,Sophie Taillé-Polian,ECOS,6.7242,33,Cadre de la fonction publique,Ermont,France,25310.0,94011,23018.0,51,Val-de-Marne,94,11,2,0.18,0.951,"Val-de-Marne (94), 11e circ."
PA757225,Mikaele Seo,EPR,1.974,43,Profession intermédiaire de la santé et du travail social,PARIS,France,31670.0,98601,,54,Wallis-et-Futuna,986,1,2,0.06,0.973,"Wallis-et-Futuna (986), 1re circ."
PA759832,Agnès Pannier-Runacher,EPR,7.3629,0,Non classé,,,,62002,22937.0,51,Pas-de-Calais,62,2,1,0.28,0.916,"Pas-de-Calais (62), 2e circ."
PA774954,Anne-Laure Blin,DR,3.7235,37,Cadre administratif et commercial d'entreprise,Toul,France,18970.0,49003,21366.0,42,Maine-et-Loire,49,3,3,0.21,0.955,"Maine-et-Loire (49), 3e circ."
PA774958,Gérard Leseul,SOC,3.7235,37,Cadre administratif et commercial d'entreprise,Le Mesnil Esnard,France,29310.0,76005,23440.0,65,Seine-Maritime,76,5,3,0.49,0.940,"Seine-Maritime (76), 5e circ."
PA774960,Isabelle Santiago,SOC,4.567,33,Cadre de la fonction publique,Neuilly-sur-Seine,France,55520.0,94009,19577.0,60,Val-de-Marne,94,9,3,0.24,0.924,"Val-de-Marne (94), 9e circ."
PA774962,Karine Lebon,GDR,3.7235,34,"Professeur, profession scientifique",Le Port La Réunion,France,10300.0,97402,16192.0,40,Réunion,974,2,3,0.17,0.968,"Réunion (974), 2e circ."
PA791812,Sophia Chikirou,LFI-NFP,1.9932,23,Chef d'entreprise de 10 salariés ou plus,Bonneville,France,25410.0,75006,31670.0,46,Paris,75,6,2,0.20,0.991,"Paris (75), 6e circ."
PA791824,Sarah Legrain,LFI-NFP,2.5747,34,"Professeur, profession scientifique",Paris,France,31670.0,75016,31670.0,40,Paris,75,16,2,0.53,0.991,"Paris (75), 16e circ."
PA793094,Nicolas Ray,DR,1.974,33,Cadre de la fonction publique,Vichy,France,19300.0,03003,20910.0,44,Allier,03,3,2,0.33,0.937,"Allier (03), 3e circ."
PA793102,Christian Girard,RN,1.974,37,Cadre administratif et commercial d'entreprise,Manosque,France,20680.0,04001,21524.0,73,Alpes-de-Haute-Provence,04,1,2,0.53,0.983,"Alpes-de-Haute-Provence (04), 1re circ."
PA793122,Romain Daubié,DEM,1.974,31,Profession libérale,Villeurbanne,France,20910.0,01002,26570.0,45,Ain,01,2,2,0.24,0.864,"Ain (01), 2e circ."
PA793134,Jérôme Buisson,RN,1.974,34,"Professeur, profession scientifique",Roanne,France,17760.0,01004,23222.0,53,Ain,01,4,2,0.31,0.990,"Ain (01), 4e circ."
PA793146,Nicolas Dragon,RN,1.974,31,Profession libérale,Laon,France,16120.0,02001,20122.0,48,Aisne,02,1,2,0.57,0.994,"Aisne (02), 1re circ."
PA793158,José Beaurain,RN,1.974,21,Artisan,Chauny,France,17950.0,02004,19617.0,54,Aisne,02,4,2,0.27,0.985,"Aisne (02), 4e circ."
PA793166,Jocelyn Dessigny,RN,1.974,37,Cadre administratif et commercial d'entreprise,Noisy Le Grand,France,23460.0,02005,21680.0,44,Aisne,02,5,2,0.47,0.987,"Aisne (02), 5e circ."
PA793174,Yannick Monnet,GDR,1.974,33,Cadre de la fonction publique,Moulins,France,18260.0,03001,21044.0,50,Allier,03,1,2,0.18,0.928,"Allier (03), 1re circ."
PA793182,Jorys Bovet,RN,1.974,67,Ouvrier non qualifié,Saint Martin d'hères,France,20500.0,03002,20382.0,32,Allier,03,2,2,0.42,0.991,"Allier (03), 2e circ."
PA793194,Lionel Vuibert,NI,1.974,37,Cadre administratif et commercial d'entreprise,Villers-Semeuse,France,19870.0,08001,19992.0,57,Ardennes,08,1,2,0.22,0.844,"Ardennes (08), 1re circ."
PA793214,Audrey Abadie-Amiel,LIOT,0.0,34,"Professeur, profession scientifique",Toulouse,France,21810.0,09002,20044.0,51,Ariège,09,2,1,0.19,0.869,"Ariège (09), 2e circ."
PA793218,Jordan Guitton,RN,1.974,33,Cadre de la fonction publique,Troyes,France,16670.0,10001,19866.0,31,Aube,10,1,2,0.45,0.978,"Aube (10), 1re circ."
PA793230,Angélique Ranc,RN,1.974,85,Personne diverse sans activité professionnelle de moins de 60 ans (sauf retraité),Troyes,France,16670.0,10003,18744.0,37,Aube,10,3,2,0.32,0.991,"Aube (10), 3e circ."
PA793238,Christophe Barthès,RN,1.974,12,Agriculteur sur moyenne exploitation,Carcassonne,France,17780.0,11001,19330.0,59,Aude,11,1,2,0.39,0.988,"Aude (11), 1re circ."
PA793246,Frédéric Falcon,RN,1.974,22,Commerçant et assimilé,Besançon,France,19890.0,11002,19932.0,40,Aude,11,2,2,0.30,0.985,"Aude (11), 2e circ."
PA793254,Julien Rancoule,RN,1.974,31,Profession libérale,Carcassonne,France,17780.0,11003,19142.0,32,Aude,11,3,2,0.48,0.980,"Aude (11), 3e circ."
PA793262,Laurent Alexandre,LFI-NFP,1.974,62,Ouvrier qualifié,Decazeville,France,18450.0,12002,20646.0,52,Aveyron,12,2,2,0.48,0.990,"Aveyron (12), 2e circ."
PA793270,Jean-François Rousset,EPR,1.974,31,Profession libérale,Aurillac,France,21310.0,12003,20847.0,73,Aveyron,12,3,2,0.47,0.975,"Aveyron (12), 3e circ."
PA793290,Gisèle Lelouis,RN,1.974,72,"Ancien artisan, commerçant, chef d'entreprise",Paris,France,31670.0,13003,19710.0,73,Bouches-du-Rhône,13,3,2,0.37,0.994,"Bouches-du-Rhône (13), 3e circ."
PA793298,Lionel Tivoli,RN,1.974,23,Chef d'entreprise de 10 salariés ou plus,Marseille,France,19710.0,06002,24565.0,38,Alpes-Maritimes,06,2,2,0.36,0.994,"Alpes-Maritimes (06), 2e circ."
PA793314,Alexandra Masson,RN,1.974,31,Profession libérale,Nice,France,21150.0,06004,24542.0,54,Alpes-Maritimes,06,4,2,0.11,0.978,"Alpes-Maritimes (06), 4e circ."
PA793322,Christelle D'Intorni,UDDPLR,1.974,31,Profession libérale,Nice,France,21150.0,06005,21512.0,40,Alpes-Maritimes,06,5,2,0.13,0.976,"Alpes-Maritimes (06), 5e circ."
PA793330,Bryan Masson,RN,1.974,46,Profession intermédiaire administrative et commerciale des entreprises,Cagnes sur mer,France,24060.0,06006,25498.0,29,Alpes-Maritimes,06,6,2,0.13,0.956,"Alpes-Maritimes (06), 6e circ."
PA793342,Alexandra Martin,DR,1.974,52,Employé civil et agent de service de la fonction publique,Nice,France,21150.0,06008,21772.0,57,Alpes-Maritimes,06,8,2,0.13,0.899,"Alpes-Maritimes (06), 8e circ."
PA793354,Joëlle Mélin,RN,1.974,31,Profession libérale,Versailles,France,36570.0,13009,24520.0,75,Bouches-du-Rhône,13,9,2,0.27,0.987,"Bouches-du-Rhône (13), 9e circ."
PA793362,José Gonzalez,RN,1.974,77,Ancien employé ou ouvrier,Oran,Algérie,,13010,27641.0,82,Bouches-du-Rhône,13,10,2,0.38,0.990,"Bouches-du-Rhône (13), 10e circ."
PA793374,Romain Baubry,RN,1.974,52,Employé civil et agent de service de la fonction publique,Mont Saint Aignan,France,29930.0,13015,24002.0,37,Bouches-du-Rhône,13,15,2,0.17,0.977,"Bouches-du-Rhône (13), 15e circ."
PA793382,Emmanuel Taché,RN,1.974,33,Cadre de la fonction publique,Montreuil,France,20430.0,13016,20482.0,51,Bouches-du-Rhône,13,16,2,0.15,0.985,"Bouches-du-Rhône (13), 16e circ."
PA793394,Arthur Delaporte,SOC,1.974,34,"Professeur, profession scientifique",Caen,France,21220.0,14002,21187.0,34,Calvados,14,2,2,0.50,0.962,"Calvados (14), 2e circ."
PA793398,Jérémie Patrier-Leitus,HOR,1.974,33,Cadre de la fonction publique,Paris,France,31670.0,14003,21045.0,37,Calvados,14,3,2,0.40,0.905,"Calvados (14), 3e circ."
PA793432,Franck Allisio,RN,1.974,31,Profession libérale,Marseille,France,19710.0,13012,23774.0,45,Bouches-du-Rhône,13,12,2,0.09,0.984,"Bouches-du-Rhône (13), 12e circ."
PA793444,Manuel Bompard,LFI-NFP,1.974,38,Ingénieur et cadre technique d'entreprise,Firminy,France,17570.0,13004,19710.0,39,Bouches-du-Rhône,13,4,2,0.34,0.998,"Bouches-du-Rhône (13), 4e circ."
PA793452,Hendrik Davi,ECOS,1.974,34,"Professeur, profession scientifique",Paris,France,31670.0,13005,19710.0,48,Bouches-du-Rhône,13,5,2,0.31,0.963,"Bouches-du-Rhône (13), 5e circ."
PA793464,Sébastien Delogu,LFI-NFP,1.974,0,Non classé,Marseille,France,19710.0,13007,19710.0,38,Bouches-du-Rhône,13,7,2,0.15,0.990,"Bouches-du-Rhône (13), 7e circ."
PA793508,Hubert Brigand,DR,1.974,74,Ancien cadre,Chatillon-sur-Seine,France,18640.0,21004,22451.0,73,Côte-d'or,21,4,2,0.10,0.875,"Côte-d'or (21), 4e circ."
PA793520,Mickaël Cosson,DEM,1.974,33,Cadre de la fonction publique,Saint-Brieuc,France,20140.0,22001,22472.0,50,Côtes-d'armor,22,1,2,0.26,0.898,"Côtes-d'armor (22), 1re circ."
PA793532,Murielle Lepvraud,LFI-NFP,1.974,54,Employé administratif d'entreprise,Loudeac,France,21250.0,22004,20761.0,51,Côtes-d'armor,22,4,2,0.53,0.988,"Côtes-d'armor (22), 4e circ."
PA793548,Caroline Colombier,RN,1.974,37,Cadre administratif et commercial d'entreprise,Autun,France,19310.0,16003,20874.0,68,Charente,16,3,2,0.46,0.990,"Charente (16), 3e circ."
PA793572,Christophe Plassard,HOR,1.974,31,Profession libérale,La Garenne-Colombes,France,36300.0,17005,22737.0,58,Charente-Maritime,17,5,2,0.15,0.970,"Charente-Maritime (17), 5e circ."
PA793592,Géraldine Grangier,RN,1.974,33,Cadre de la fonction publique,Besancon,France,19890.0,25004,21356.0,51,Doubs,25,4,2,0.36,0.996,"Doubs (25), 4e circ."
PA793608,Katiana Levavasseur,RN,1.974,62,Ouvrier qualifié,Rouen,France,20870.0,27002,20970.0,55,Eure,27,2,2,0.44,0.987,"Eure (27), 2e circ."
PA793616,Kévin Mauvieux,RN,1.974,55,Employé de commerce,Pont-Audemer,France,18080.0,27003,22320.0,34,Eure,27,3,2,0.47,0.992,"Eure (27), 3e circ."
PA793624,Philippe Brun,SOC,1.974,33,Cadre de la fonction publique,Rouen,France,20870.0,27004,22882.0,34,Eure,27,4,2,0.29,0.960,"Eure (27), 4e circ."
PA793632,Timothée Houssin,RN,1.974,37,Cadre administratif et commercial d'entreprise,Lille,France,19700.0,27005,22594.0,37,Eure,27,5,2,0.44,0.977,"Eure (27), 5e circ."
PA793656,Lisette Pollet,RN,1.974,62,Ouvrier qualifié,Romorantin-Lanthenay,France,20250.0,26002,22013.0,58,Drôme,26,2,2,0.66,0.996,"Drôme (26), 2e circ."
PA793664,Marie Pochon,ECOS,1.974,33,Cadre de la fonction publique,Grenoble,France,21720.0,26003,22642.0,35,Drôme,26,3,2,0.21,0.965,"Drôme (26), 3e circ."
PA793672,Christine Loir,RN,1.974,56,Personnel des services directs aux particuliers,Pont Audemer,France,18080.0,27001,21417.0,49,Eure,27,1,2,0.62,0.985,"Eure (27), 1re circ."
PA793696,Serge Muller,RN,1.974,52,Employé civil et agent de service de la fonction publique,Toulon,France,20270.0,24002,20642.0,50,Dordogne,24,2,2,0.46,0.993,"Dordogne (24), 2e circ."
PA793708,Sébastien Peytavie,ECOS,1.974,43,Profession intermédiaire de la santé et du travail social,Sarlat,France,20890.0,24004,21098.0,43,Dordogne,24,4,2,0.50,0.966,"Dordogne (24), 4e circ."
PA793716,Laurent Croizier,DEM,1.974,34,"Professeur, profession scientifique",Besançon,France,19890.0,25001,21955.0,51,Doubs,25,1,2,0.14,0.929,"Doubs (25), 1re circ."
PA793736,Hadrien Clouet,LFI-NFP,1.974,33,Cadre de la fonction publique,Aix-en-Provence,France,26470.0,31001,22174.0,34,Haute-Garonne,31,1,2,0.32,0.996,"Haute-Garonne (31), 1re circ."
PA793744,Anne Stambach-Terrenoir,LFI-NFP,1.974,33,Cadre de la fonction publique,Amiens,France,18460.0,31002,22740.0,45,Haute-Garonne,31,2,2,0.56,0.995,"Haute-Garonne (31), 2e circ."
PA793756,François Piquemal,LFI-NFP,1.974,34,"Professeur, profession scientifique",Besancon,France,19890.0,31004,21810.0,41,Haute-Garonne,31,4,2,0.14,0.980,"Haute-Garonne (31), 4e circ."
PA793772,Christophe Bex,LFI-NFP,1.974,33,Cadre de la fonction publique,Neufchateau,France,19820.0,31007,23437.0,64,Haute-Garonne,31,7,2,0.53,0.987,"Haute-Garonne (31), 7e circ."
PA793780,Christine Arrighi,ECOS,1.974,37,Cadre administratif et commercial d'entreprise,lannemezan,France,19690.0,31009,22171.0,66,Haute-Garonne,31,9,2,0.26,0.987,"Haute-Garonne (31), 9e circ."
PA793796,David Taupiac,LIOT,1.974,31,Profession libérale,Montauban,France,21140.0,32002,21995.0,50,Gers,32,2,2,0.12,0.752,"Gers (32), 2e circ."
PA793816,Mélanie Thomin,SOC,1.974,34,"Professeur, profession scientifique",Landerneau,France,23060.0,29006,22699.0,41,Finistère,29,6,2,0.23,0.970,"Finistère (29), 6e circ."
PA793832,Yoann Gillet,RN,1.974,33,Cadre de la fonction publique,Rennes,France,22630.0,30001,18272.0,39,Gard,30,1,2,0.50,0.952,"Gard (30), 1re circ."
PA793844,Pascale Bordes,RN,1.974,31,Profession libérale,Bagnols-sur-Ceze,France,17960.0,30003,23441.0,64,Gard,30,3,2,0.34,0.987,"Gard (30), 3e circ."
PA793852,Pierre Meurin,RN,1.974,37,Cadre administratif et commercial d'entreprise,Paris,France,31670.0,30004,19826.0,36,Gard,30,4,2,0.42,0.989,"Gard (30), 4e circ."
PA793872,Nathalie Oziol,LFI-NFP,1.974,34,"Professeur, profession scientifique",Toulouse,France,21810.0,34002,18460.0,36,Hérault,34,2,2,0.17,0.996,"Hérault (34), 2e circ."
PA793892,Stéphanie Galzy,RN,1.974,37,Cadre administratif et commercial d'entreprise,Pézenas,France,17650.0,34005,19880.0,44,Hérault,34,5,2,0.22,0.934,"Hérault (34), 5e circ."
PA793904,Aurélien Lopez-Liguori,RN,1.974,33,Cadre de la fonction publique,Aix-En-Provence,France,26470.0,34007,19864.0,32,Hérault,34,7,2,0.29,0.989,"Hérault (34), 7e circ."
PA793912,Sylvain Carrière,LFI-NFP,1.974,55,Employé de commerce,Beziers,France,14700.0,34008,19826.0,34,Hérault,34,8,2,0.49,0.992,"Hérault (34), 8e circ."
PA793928,Edwige Diaz,RN,1.974,37,Cadre administratif et commercial d'entreprise,Marseille,France,19710.0,33011,21007.0,38,Gironde,33,11,2,0.64,0.970,"Gironde (33), 11e circ."
PA793940,Thomas Cazenave,EPR,2.2119,33,Cadre de la fonction publique,Bordeaux,France,25340.0,33001,25679.0,48,Gironde,33,1,2,0.13,0.970,"Gironde (33), 1re circ."
PA793948,Nicolas Thierry,ECOS,1.974,31,Profession libérale,Creon,France,22130.0,33002,25340.0,50,Gironde,33,2,2,0.20,0.983,"Gironde (33), 2e circ."
PA793980,Charles Fournier,ECOS,1.974,37,Cadre administratif et commercial d'entreprise,Romorantin,France,20250.0,37001,20750.0,57,Indre-et-Loire,37,1,2,0.20,0.972,"Indre-et-Loire (37), 1re circ."
PA793992,Henri Alfandari,HOR,1.974,72,"Ancien artisan, commerçant, chef d'entreprise",Chambray-lès-Tours,France,24370.0,37003,23415.0,46,Indre-et-Loire,37,3,2,0.06,0.926,"Indre-et-Loire (37), 3e circ."
PA794008,Cyrielle Chatelain,ECOS,2.4816,33,Cadre de la fonction publique,Montbéliard,France,17180.0,38002,23168.0,38,Isère,38,2,2,0.38,0.981,"Isère (38), 2e circ."
PA794022,Jérémie Iordanoff,ECOS,1.974,31,Profession libérale,Laxou,France,23960.0,38005,26441.0,43,Isère,38,5,2,0.30,0.944,"Isère (38), 5e circ."
PA794030,Alexis Jolly,RN,1.974,22,Commerçant et assimilé,Besançon,France,19890.0,38006,23998.0,35,Isère,38,6,2,0.31,0.981,"Isère (38), 6e circ."
PA794038,Yannick Neuder,DR,2.1777,33,Cadre de la fonction publique,Tullins,France,23210.0,38007,22909.0,56,Isère,38,7,2,0.10,0.939,"Isère (38), 7e circ."
PA794058,Justine Gruet,DR,1.974,31,Profession libérale,Besançon,France,19890.0,39003,22226.0,36,Jura,39,3,2,0.25,0.936,"Jura (39), 3e circ."
PA794082,Mathilde Hignet,LFI-NFP,1.974,69,Ouvrier agricole,rennes,France,22630.0,35004,22723.0,32,Ille-et-Vilaine,35,4,2,0.55,0.991,"Ille-et-Vilaine (35), 4e circ."
PA794094,Mickaël Bouloux,SOC,1.974,38,Ingénieur et cadre technique d'entreprise,Dinan,France,23240.0,35008,22867.0,53,Ille-et-Vilaine,35,8,2,0.50,0.964,"Ille-et-Vilaine (35), 8e circ."
PA794106,Andrée Taurinya,LFI-NFP,1.974,34,"Professeur, profession scientifique",Toulouse,France,21810.0,42002,17590.0,62,Loire,42,2,2,0.45,0.990,"Loire (42), 2e circ."
PA794114,Emmanuel Mandon,DEM,1.974,46,Profession intermédiaire administrative et commerciale des entreprises,Neuilly Sur Seine,France,55520.0,42003,22174.0,60,Loire,42,3,2,0.20,0.828,"Loire (42), 3e circ."
PA794118,Antoine Vermorel-Marques,DR,1.974,33,Cadre de la fonction publique,Roanne,France,17760.0,42005,21092.0,33,Loire,42,5,2,0.11,0.913,"Loire (42), 5e circ."
PA794130,Andy Kerbrat,LFI-NFP,1.974,54,Employé administratif d'entreprise,Toulouse,France,21810.0,44002,24380.0,35,Loire-Atlantique,44,2,2,0.31,0.985,"Loire-Atlantique (44), 2e circ."
PA794138,Ségolène Amiot,LFI-NFP,1.974,54,Employé administratif d'entreprise,Chatenay-Malabry,France,28070.0,44003,24319.0,40,Loire-Atlantique,44,3,2,0.56,0.987,"Loire-Atlantique (44), 3e circ."
PA794146,Julie Laernoes,ECOS,1.974,74,Ancien cadre,Delft ,Pays-Bas,,44004,24447.0,43,Loire-Atlantique,44,4,2,0.31,0.979,"Loire-Atlantique (44), 4e circ."
PA794154,Jean-Claude Raux,ECOS,1.974,34,"Professeur, profession scientifique",Argentan,France,18300.0,44006,21245.0,59,Loire-Atlantique,44,6,2,0.35,0.969,"Loire-Atlantique (44), 6e circ."
PA794166,Matthias Tavel,LFI-NFP,1.974,33,Cadre de la fonction publique,Villeurbanne,France,20910.0,44008,22223.0,38,Loire-Atlantique,44,8,2,0.34,0.988,"Loire-Atlantique (44), 8e circ."
PA794178,Jean-Pierre Taite,DR,1.974,72,"Ancien artisan, commerçant, chef d'entreprise",Feurs,France,20300.0,42006,22810.0,63,Loire,42,6,2,0.11,0.925,"Loire (42), 6e circ."
PA794198,Roger Chudeau,RN,1.974,33,Cadre de la fonction publique,Berlin,Allemagne,,41002,21957.0,76,Loir-et-Cher,41,2,2,0.28,0.976,"Loir-et-Cher (41), 2e circ."
PA794206,Christophe Marion,EPR,1.974,33,Cadre de la fonction publique,Vendôme,France,20460.0,41003,22461.0,52,Loir-et-Cher,41,3,2,0.46,0.971,"Loir-et-Cher (41), 3e circ."
PA794234,François Gernigon,HOR,1.974,31,Profession libérale,Angers,France,20870.0,49001,21607.0,64,Maine-et-Loire,49,1,2,0.26,0.942,"Maine-et-Loire (49), 1re circ."
PA794270,Anna Pic,SOC,1.974,34,"Professeur, profession scientifique",Montpellier,France,18460.0,50004,23277.0,47,Manche,50,4,2,0.22,0.975,"Manche (50), 4e circ."
PA794278,Xavier Albertini,HOR,2.1629,31,Profession libérale,Royan,France,23250.0,51001,20531.0,56,Marne,51,1,2,0.06,0.945,"Marne (51), 1re circ."
PA794322,Thomas Ménagé,RN,1.974,37,Cadre administratif et commercial d'entreprise,Blois,France,18130.0,45004,20529.0,34,Loiret,45,4,2,0.32,0.897,"Loiret (45), 4e circ."
PA794330,Anthony Brosse,EPR,1.974,43,Profession intermédiaire de la santé et du travail social,Saint-Calais,France,19600.0,45005,22410.0,45,Loiret,45,5,2,0.57,0.962,"Loiret (45), 5e circ."
PA794354,Hélène Laporte,RN,1.974,37,Cadre administratif et commercial d'entreprise,Villeneuve-Sur-Lot,France,18290.0,47002,19780.0,47,Lot-et-Garonne,47,2,2,0.32,0.989,"Lot-et-Garonne (47), 2e circ."
PA794418,Florence Goulet,RN,1.974,33,Cadre de la fonction publique,Le Mêle-Sur-Sarthe,France,18400.0,55002,21125.0,64,Meuse,55,2,2,0.48,0.991,"Meuse (55), 2e circ."
PA794430,Michel Criaud,HOR,0.0,21,Artisan,Vannes,France,24000.0,56001,25280.0,63,Morbihan,56,1,1,0.34,0.903,"Morbihan (56), 1re circ."
PA794434,Christophe Bentz,RN,1.974,34,"Professeur, profession scientifique",Boulogne-Billancourt,France,38810.0,52001,21664.0,38,Haute-Marne,52,1,2,0.66,0.991,"Haute-Marne (52), 1re circ."
PA794442,Laurence Robert-Dehault,RN,1.974,31,Profession libérale,Saint-Dizier,France,17320.0,52002,19721.0,62,Haute-Marne,52,2,2,0.32,0.988,"Haute-Marne (52), 2e circ."
PA794466,Jean Moulliere,HOR,0.0,33,Cadre de la fonction publique,Lille,France,19700.0,59006,28076.0,31,Nord,59,6,1,0.45,0.937,"Nord (59), 6e circ."
PA794470,Félicie Gérard,HOR,1.974,74,Ancien cadre,Saint-Quentin,France,16710.0,59007,17360.0,52,Nord,59,7,2,0.32,0.905,"Nord (59), 7e circ."
PA794478,David Guiraud,LFI-NFP,1.974,46,Profession intermédiaire administrative et commerciale des entreprises,Paris 13,France,31670.0,59008,13069.0,33,Nord,59,8,2,0.17,0.992,"Nord (59), 8e circ."
PA794486,Violette Spillebout,EPR,1.974,37,Cadre administratif et commercial d'entreprise,Lyon,France,25860.0,59009,21115.0,53,Nord,59,9,2,0.13,0.944,"Nord (59), 9e circ."
PA794494,Roger Vicot,SOC,1.974,37,Cadre administratif et commercial d'entreprise,Denain,France,11090.0,59011,20501.0,62,Nord,59,11,2,0.18,0.987,"Nord (59), 11e circ."
PA794502,Michaël Taverne,RN,1.974,52,Employé civil et agent de service de la fonction publique,Maubeuge,France,14020.0,59012,19801.0,46,Nord,59,12,2,0.34,0.992,"Nord (59), 12e circ."
PA794530,Matthieu Marchio,RN,1.974,37,Cadre administratif et commercial d'entreprise,Dieppe,France,17670.0,59016,18574.0,32,Nord,59,16,2,0.34,0.972,"Nord (59), 16e circ."
PA794562,Philippe Ballard,RN,1.974,35,"Profession de l'information, des arts et des spectacles",Champigny-sur-Marne,France,20470.0,60002,21881.0,65,Oise,60,2,2,0.26,0.988,"Oise (60), 2e circ."
PA794570,Alexandre Sabatou,RN,1.974,33,Cadre de la fonction publique,Nogent-Sur-Marne,France,36230.0,60003,20418.0,33,Oise,60,3,2,0.30,0.973,"Oise (60), 3e circ."
PA794578,Véronique Ludmann,NI,0.0,0,Non classé,La Bassée,France,19950.0,60004,28672.0,62,Oise,60,4,1,,,"Oise (60), 4e circ."
PA794582,Kévin Pfeffer,RN,1.974,33,Cadre de la fonction publique,Forbach,France,16140.0,57006,19547.0,35,Moselle,57,6,2,0.42,0.956,"Moselle (57), 6e circ."
PA794590,Alexandre Loubet,RN,1.974,37,Cadre administratif et commercial d'entreprise,Toulouse,France,21810.0,57007,21696.0,31,Moselle,57,7,2,0.29,0.995,"Moselle (57), 7e circ."
PA794598,Laurent Jacobelli,RN,1.974,35,"Profession de l'information, des arts et des spectacles",Thiais,France,24930.0,57008,21861.0,56,Moselle,57,8,2,0.31,0.992,"Moselle (57), 8e circ."
PA794658,Philippe Fait,HOR,1.974,43,Profession intermédiaire de la santé et du travail social,Cucq,France,23380.0,62004,21472.0,56,Pas-de-Calais,62,4,2,0.13,0.788,"Pas-de-Calais (62), 4e circ."
PA794670,Caroline Parmentier,RN,1.974,33,Cadre de la fonction publique,Pau,France,20290.0,62009,22191.0,60,Pas-de-Calais,62,9,2,0.29,0.991,"Pas-de-Calais (62), 9e circ."
PA794678,Thierry Frappé,RN,1.974,31,Profession libérale,Forest sur Marque,France,28720.0,62010,18517.0,73,Pas-de-Calais,62,10,2,0.49,0.991,"Pas-de-Calais (62), 10e circ."
PA794686,Marianne Maximi,LFI-NFP,1.974,43,Profession intermédiaire de la santé et du travail social,Louviers,France,18860.0,63001,20632.0,40,Puy-de-Dôme,63,1,2,0.25,0.995,"Puy-de-Dôme (63), 1re circ."
PA794702,Delphine Lingemann,DEM,1.974,31,Profession libérale,Issoire,France,21320.0,63004,21928.0,53,Puy-de-Dôme,63,4,2,0.30,0.918,"Puy-de-Dôme (63), 4e circ."
PA794710,Julien Brugerolles,GDR,0.0,33,Cadre de la fonction publique,Beaumont,France,25840.0,63005,22076.0,43,Puy-de-Dôme,63,5,1,0.13,0.975,"Puy-de-Dôme (63), 5e circ."
PA794718,Christine Engrand,NI,1.974,37,Cadre administratif et commercial d'entreprise,Boulogne sur Mer,France,16050.0,62006,20969.0,70,Pas-de-Calais,62,6,2,0.13,0.635,"Pas-de-Calais (62), 6e circ."
PA794734,Michel Guiniot,RN,1.974,37,Cadre administratif et commercial d'entreprise,Chauny,France,17950.0,60006,21779.0,71,Oise,60,6,2,0.27,0.982,"Oise (60), 6e circ."
PA794762,Sandrine Dogor-Such,RN,1.974,55,Employé de commerce,Tours,France,20750.0,66003,17539.0,55,Pyrénées-Orientales,66,3,2,0.51,0.995,"Pyrénées-Orientales (66), 3e circ."
PA794770,Michèle Martinez,RN,1.974,46,Profession intermédiaire administrative et commerciale des entreprises,Perpignan,France,15350.0,66004,21223.0,57,Pyrénées-Orientales,66,4,2,0.25,0.995,"Pyrénées-Orientales (66), 4e circ."
PA794778,Sandra Regol,ECOS,1.974,0,Non classé,Beziers,France,14700.0,67001,19210.0,47,Bas-Rhin,67,1,2,0.56,0.958,"Bas-Rhin (67), 1re circ."
PA794786,Emmanuel Fernandes,LFI-NFP,1.974,46,Profession intermédiaire administrative et commerciale des entreprises,Thann,France,21880.0,67002,19665.0,45,Bas-Rhin,67,2,2,0.60,0.993,"Bas-Rhin (67), 2e circ."
PA794798,Françoise Buffet,EPR,1.974,72,"Ancien artisan, commerçant, chef d'entreprise",Strasbourg,France,19210.0,67004,26879.0,72,Bas-Rhin,67,4,2,0.42,0.961,"Bas-Rhin (67), 4e circ."
PA794802,Charles Sitzenstuhl,EPR,1.974,33,Cadre de la fonction publique,Sélestat,France,22590.0,67005,25128.0,37,Bas-Rhin,67,5,2,0.67,0.889,"Bas-Rhin (67), 5e circ."
PA794810,Louise Morel,DEM,1.974,37,Cadre administratif et commercial d'entreprise,Strasbourg,France,19210.0,67006,25929.0,30,Bas-Rhin,67,6,2,0.42,0.902,"Bas-Rhin (67), 6e circ."
PA794830,Hubert Ott,DEM,1.974,34,"Professeur, profession scientifique",Colmar,France,20600.0,68002,25058.0,61,Haut-Rhin,68,2,2,0.22,0.861,"Haut-Rhin (68), 2e circ."
PA794838,Didier Lemaire,HOR,1.974,52,Employé civil et agent de service de la fonction publique,Altkirch,France,23520.0,68003,31548.0,50,Haut-Rhin,68,3,2,0.14,0.943,"Haut-Rhin (68), 3e circ."
PA794854,Inaki Echaniz,SOC,1.974,33,Cadre de la fonction publique,Oloron-Sainte-Marie,France,20470.0,64004,21441.0,32,Pyrénées-Atlantiques,64,4,2,0.43,0.975,"Pyrénées-Atlantiques (64), 4e circ."
PA794870,Sylvie Ferrer,LFI-NFP,1.974,0,Non classé,Toulouse,France,21810.0,65001,20531.0,58,Hautes-Pyrénées,65,1,2,0.36,0.991,"Hautes-Pyrénées (65), 1re circ."
PA794886,Sophie Blanc,RN,1.974,31,Profession libérale,Toulouse,France,21810.0,66001,17226.0,58,Pyrénées-Orientales,66,1,2,0.26,0.993,"Pyrénées-Orientales (66), 1re circ."
PA794894,Anaïs Sabatini,RN,1.974,31,Profession libérale,Perpignan,France,15350.0,66002,18121.0,35,Pyrénées-Orientales,66,2,2,0.59,0.991,"Pyrénées-Orientales (66), 2e circ."
PA794906,Gabriel Amard,LFI-NFP,1.974,37,Cadre administratif et commercial d'entreprise,Juvisy sur orge,France,23600.0,69006,20910.0,58,Rhône,69,6,2,0.32,0.994,"Rhône (69), 6e circ."
PA794938,Idir Boumertit,LFI-NFP,1.974,43,Profession intermédiaire de la santé et du travail social,Lyon,France,25860.0,69014,18089.0,51,Rhône,69,14,2,0.31,0.981,"Rhône (69), 14e circ."
PA794946,Antoine Villedieu,RN,1.974,52,Employé civil et agent de service de la fonction publique,Lure,France,18550.0,70001,21660.0,37,Haute-Saône,70,1,2,0.51,0.982,"Haute-Saône (70), 1re circ."
PA794954,Emeric Salmon,RN,1.974,37,Cadre administratif et commercial d'entreprise,Vannes,France,24000.0,70002,21163.0,52,Haute-Saône,70,2,2,0.78,0.989,"Haute-Saône (70), 2e circ."
PA794982,Julie Delpech,EPR,1.974,37,Cadre administratif et commercial d'entreprise,Le Mans,France,20620.0,72001,21285.0,36,Sarthe,72,1,2,0.19,0.974,"Sarthe (72), 1re circ."
PA794994,Alexandre Portier,DR,1.974,34,"Professeur, profession scientifique",La Tronche,France,31700.0,69009,23765.0,35,Rhône,69,9,2,0.14,0.977,"Rhône (69), 9e circ."
PA795010,Marie-Charlotte Garin,ECOS,1.974,33,Cadre de la fonction publique,Vernon,France,20210.0,69003,25860.0,30,Rhône,69,3,2,0.29,0.972,"Rhône (69), 3e circ."
PA795026,Anne-Cécile Violland,HOR,1.974,43,Profession intermédiaire de la santé et du travail social,evian les bains,France,28800.0,74005,31278.0,52,Haute-Savoie,74,5,2,0.22,0.885,"Haute-Savoie (74), 5e circ."
PA795046,Caroline Yadan,EPR,1.974,31,Profession libérale,Boulogne Billancourt,France,38810.0,09908,,57,Français établis hors de France,099,8,2,0.21,0.987,"Français établis hors de France (099), 8e circ."
PA795050,Astrid Panosyan-Bouvet,EPR,1.974,33,Cadre de la fonction publique,Paris,France,31670.0,75004,31670.0,54,Paris,75,4,2,0.14,0.710,"Paris (75), 4e circ."
PA795076,Sandrine Rousseau,ECOS,1.974,34,"Professeur, profession scientifique",Maisons Alfort,France,29190.0,75009,31670.0,54,Paris,75,9,2,0.38,0.970,"Paris (75), 9e circ."
PA795084,Rodrigo Arenas,LFI-NFP,1.974,33,Cadre de la fonction publique,Paris,France,31670.0,75010,31670.0,51,Paris,75,10,2,0.15,0.994,"Paris (75), 10e circ."
PA795100,Éric Martineau,DEM,1.974,12,Agriculteur sur moyenne exploitation,Le Mans,France,20620.0,72003,21524.0,57,Sarthe,72,3,2,0.49,0.934,"Sarthe (72), 3e circ."
PA795108,Élise Leboucher,LFI-NFP,1.974,43,Profession intermédiaire de la santé et du travail social,Ernee,France,20830.0,72004,21158.0,43,Sarthe,72,4,2,0.48,0.995,"Sarthe (72), 4e circ."
PA795124,Didier Padey,DEM,1.974,37,Cadre administratif et commercial d'entreprise,Chambéry,France,21330.0,73001,25841.0,60,Savoie,73,1,2,0.09,0.907,"Savoie (73), 1re circ."
PA795136,Jean-François Coulomme,LFI-NFP,1.974,33,Cadre de la fonction publique,Paris,France,31670.0,73004,23538.0,59,Savoie,73,4,2,0.52,0.986,"Savoie (73), 4e circ."
PA795144,Antoine Armand,EPR,1.974,33,Cadre de la fonction publique,Paris,France,31670.0,74002,27271.0,34,Haute-Savoie,74,2,2,0.14,0.932,"Haute-Savoie (74), 2e circ."
PA795156,Fatiha Keloua Hachi,SOC,1.974,34,"Professeur, profession scientifique",Paris,France,31670.0,93008,22475.0,54,Seine-Saint-Denis,93,8,2,0.22,0.974,"Seine-Saint-Denis (93), 8e circ."
PA795164,Aurélie Trouvé,LFI-NFP,1.974,33,Cadre de la fonction publique,Chauny,France,17950.0,93009,18547.0,46,Seine-Saint-Denis,93,9,2,0.24,0.979,"Seine-Saint-Denis (93), 9e circ."
PA795176,Nicolas Metzdorf,EPR,1.974,33,Cadre de la fonction publique,Nouméa,France,,98801,,37,Nouvelle-Calédonie,988,1,2,0.17,0.950,"Nouvelle-Calédonie (988), 1re circ."
PA795200,Alma Dufour,LFI-NFP,1.974,33,Cadre de la fonction publique,Auch,France,21380.0,76004,19364.0,35,Seine-Maritime,76,4,2,0.22,0.992,"Seine-Maritime (76), 4e circ."
PA795228,Nadège Abomangoli,LFI-NFP,1.974,33,Cadre de la fonction publique,Brazzaville,Congo,,93010,16980.0,50,Seine-Saint-Denis,93,10,2,0.42,0.985,"Seine-Saint-Denis (93), 10e circ."
PA795240,Mereana Reid Arbelot,GDR,1.974,33,Cadre de la fonction publique,Papeete,France,,98703,,55,Polynésie française,987,3,2,0.04,0.951,"Polynésie française (987), 3e circ."
PA795244,Stéphane Lenormand,LIOT,1.974,74,Ancien cadre,Saint-Pierre-et-Miquelon,France,,97501,,61,Saint-Pierre-et-Miquelon,975,1,2,0.12,0.824,"Saint-Pierre-et-Miquelon (975), 1re circ."
PA795258,Frantz Gumbs,DEM,1.974,33,Cadre de la fonction publique,Saint-Martin,France,,97701,,72,Saint-Barthélemy et Saint-Martin,977,1,2,0.21,0.953,"Saint-Barthélemy et Saint-Martin (977), 1re circ."
PA795270,Marie-Agnès Poussier-Winsback,HOR,2.4312,34,"Professeur, profession scientifique",Nancy,France,22210.0,76009,23290.0,58,Seine-Maritime,76,9,2,0.32,0.918,"Seine-Maritime (76), 9e circ."
PA795278,Béatrice Bellamy,HOR,1.974,37,Cadre administratif et commercial d'entreprise,Nantes,France,24380.0,85002,22435.0,59,Vendée,85,2,2,0.36,0.952,"Vendée (85), 2e circ."
PA795298,Jérôme Legavre,LFI-NFP,1.974,34,"Professeur, profession scientifique",Rennes,France,22630.0,93012,20409.0,53,Seine-Saint-Denis,93,12,2,0.32,0.992,"Seine-Saint-Denis (93), 12e circ."
PA795310,Clémence Guetté,LFI-NFP,1.974,33,Cadre de la fonction publique,Bressuire,France,20850.0,94002,19900.0,34,Val-de-Marne,94,2,2,0.38,0.993,"Val-de-Marne (94), 2e circ."
PA795318,Louis Boyard,LFI-NFP,1.974,0,Non classé,Fontenay-le-Comte,France,20730.0,94003,21206.0,25,Val-de-Marne,94,3,2,0.26,0.996,"Val-de-Marne (94), 3e circ."
PA795326,Christopher Weissberg,EPR,1.974,23,Chef d'entreprise de 10 salariés ou plus,Neuilly sur Seine,France,55520.0,09901,,40,Français établis hors de France,099,1,2,0.10,0.989,"Français établis hors de France (099), 1re circ."
PA795334,Benoît Larrouquis,EPR,0.0,23,Chef d'entreprise de 10 salariés ou plus,Pau,France,20290.0,09902,,56,Français établis hors de France,099,2,1,0.13,0.986,"Français établis hors de France (099), 2e circ."
PA795350,Frédéric Valletoux,HOR,2.15,31,Profession libérale,Paris,France,31670.0,77002,26218.0,59,Seine-et-Marne,77,2,2,0.31,0.870,"Seine-et-Marne (77), 2e circ."
PA795362,Lisa Belluco,ECOS,2.5292,33,Cadre de la fonction publique,Metz,France,20310.0,86001,21805.0,37,Vienne,86,1,2,0.37,0.975,"Vienne (86), 1re circ."
PA795374,Pascal Lecamp,DEM,1.974,37,Cadre administratif et commercial d'entreprise,Civray,France,18950.0,86003,20947.0,67,Vienne,86,3,2,0.24,0.947,"Vienne (86), 3e circ."
PA795390,Sandrine Lalanne,EPR,0.0,0,Non classé,Paris,France,31670.0,94005,27779.0,53,Val-de-Marne,94,5,1,0.45,0.938,"Val-de-Marne (94), 5e circ."
PA795402,Nathalie Coggia,EPR,0.0,37,Cadre administratif et commercial d'entreprise,France,France,,09905,,48,Français établis hors de France,099,5,1,0.44,0.976,"Français établis hors de France (099), 5e circ."
PA795410,Béatrice Roullaud,RN,1.974,31,Profession libérale,Béziers,France,14700.0,77006,22913.0,65,Seine-et-Marne,77,6,2,0.52,0.978,"Seine-et-Marne (77), 6e circ."
PA795422,Damien Maudet,LFI-NFP,1.974,37,Cadre administratif et commercial d'entreprise,Brive la Gaillarde,France,20590.0,87001,21060.0,29,Haute-Vienne,87,1,2,0.24,0.994,"Haute-Vienne (87), 1re circ."
PA795430,Stéphane Delautrette,SOC,1.974,38,Ingénieur et cadre technique d'entreprise,Limoges,France,19850.0,87002,21188.0,53,Haute-Vienne,87,2,2,0.38,0.982,"Haute-Vienne (87), 2e circ."
PA795454,Karim Ben Cheikh,ECOS,1.7385,33,Cadre de la fonction publique,Tunis,Tunisie,,09909,,48,Français établis hors de France,099,9,2,0.40,0.979,"Français établis hors de France (099), 9e circ."
PA795466,Ersilia Soudais,LFI-NFP,1.974,34,"Professeur, profession scientifique",Aubervilliers,France,12610.0,77007,25640.0,37,Seine-et-Marne,77,7,2,0.33,0.987,"Seine-et-Marne (77), 7e circ."
PA795482,Manon Meunier,LFI-NFP,1.974,33,Cadre de la fonction publique,Limoges,France,19850.0,87003,20692.0,29,Haute-Vienne,87,3,2,0.36,0.989,"Haute-Vienne (87), 3e circ."
PA795516,Maxime Laisney,LFI-NFP,1.974,34,"Professeur, profession scientifique",Lisieux,France,18340.0,77010,23584.0,45,Seine-et-Marne,77,10,2,0.57,0.992,"Seine-et-Marne (77), 10e circ."
PA795528,Charles Rodwell,EPR,2.4723,33,Cadre de la fonction publique,Londres,Royaume-Uni,,78001,33161.0,29,Yvelines,78,1,2,0.17,0.892,"Yvelines (78), 1re circ."
PA795540,Daniel Grenon,NI,1.974,72,"Ancien artisan, commerçant, chef d'entreprise",Saint Fargeau,France,19250.0,89001,21723.0,77,Yonne,89,1,2,0.07,0.783,"Yonne (89), 1re circ."
PA795552,Julien Odoul,RN,1.974,33,Cadre de la fonction publique,Paris 15eme,France,31670.0,89003,21131.0,40,Yonne,89,3,2,0.08,0.984,"Yonne (89), 3e circ."
PA795588,Farida Amrani,LFI-NFP,1.974,52,Employé civil et agent de service de la fonction publique,Ajdir,Maroc,,91001,19057.0,49,Essonne,91,1,2,0.29,0.992,"Essonne (91), 1re circ."
PA795596,Paul Vannier,LFI-NFP,1.974,34,"Professeur, profession scientifique",Vitry Sur Seine,France,18310.0,95005,18738.0,40,Val-d'oise,95,5,2,0.23,0.993,"Val-d'oise (95), 5e circ."
PA795616,Carlos Martens Bilongo,LFI-NFP,1.974,34,"Professeur, profession scientifique",Paris,France,31670.0,95008,14436.0,35,Val-d'oise,95,8,2,0.20,0.989,"Val-d'oise (95), 8e circ."
PA795636,Benjamin Lucas-Lundy,ECOS,1.974,0,Non classé,Paris,France,31670.0,78008,20063.0,35,Yvelines,78,8,2,0.26,0.972,"Yvelines (78), 8e circ."
PA795644,Nathalie Da Conceicao Carvalho,RN,1.974,31,Profession libérale,Blois,France,18130.0,91002,26067.0,59,Essonne,91,2,2,0.49,0.988,"Essonne (91), 2e circ."
PA795664,Paul Midy,EPR,2.4668,23,Chef d'entreprise de 10 salariés ou plus,Fontainebleau,France,28600.0,91005,33332.0,43,Essonne,91,5,2,0.29,0.982,"Essonne (91), 5e circ."
PA795672,Arnaud Le Gall,LFI-NFP,1.974,33,Cadre de la fonction publique,Carhaix-Plouguer,France,20560.0,95009,21285.0,45,Val-d'oise,95,9,2,0.36,0.990,"Val-d'oise (95), 9e circ."
PA795722,Karl Olive,EPR,1.974,31,Profession libérale,Saint Germain en Laye,France,36220.0,78012,28937.0,56,Yvelines,78,12,2,0.07,0.887,"Yvelines (78), 12e circ."
PA795730,Bastien Marchive,EPR,1.974,37,Cadre administratif et commercial d'entreprise,Niort,France,23030.0,79001,23537.0,35,Deux-Sèvres,79,1,2,0.25,0.915,"Deux-Sèvres (79), 1re circ."
PA795746,Antoine Léaument,LFI-NFP,1.974,33,Cadre de la fonction publique,Châteauroux,France,19420.0,91010,20852.0,36,Essonne,91,10,2,0.34,0.994,"Essonne (91), 10e circ."
PA795762,Elie Califer,SOC,1.974,74,Ancien cadre,St Claude,France,,97104,,71,Guadeloupe,971,4,2,0.28,0.954,"Guadeloupe (971), 4e circ."
PA795778,Jean-Philippe Tanguy,RN,1.974,37,Cadre administratif et commercial d'entreprise,Boulogne Sur Mer,France,16050.0,80004,22615.0,39,Somme,80,4,2,0.45,0.976,"Somme (80), 4e circ."
PA795786,Yaël Ménaché,RN,1.974,46,Profession intermédiaire administrative et commerciale des entreprises,Peronne,France,17560.0,80005,20192.0,40,Somme,80,5,2,0.25,0.986,"Somme (80), 5e circ."
PA795808,Sabrina Sebaihi,ECOS,1.974,31,Profession libérale,Ivry-sur-Seine,France,18500.0,92004,25507.0,44,Hauts-de-Seine,92,4,2,0.30,0.970,"Hauts-de-Seine (92), 4e circ."
PA795820,Marcellin Nadeau,GDR,1.974,33,Cadre de la fonction publique,Saint-Pierre,France,12100.0,97202,18239.0,63,Martinique,972,2,2,0.07,0.968,"Martinique (972), 2e circ."
PA795844,Karen Erodi,LFI-NFP,1.974,31,Profession libérale,Toulouse,France,21810.0,81002,21072.0,49,Tarn,81,2,2,0.44,0.992,"Tarn (81), 2e circ."
PA795864,Pierre Cazeneuve,EPR,1.974,33,Cadre de la fonction publique,Saint-Cloud,France,44770.0,92007,38563.0,30,Hauts-de-Seine,92,7,2,0.30,0.969,"Hauts-de-Seine (92), 7e circ."
PA795868,Jean-Victor Castor,GDR,1.974,38,Ingénieur et cadre technique d'entreprise,Sinnamary,France,,97301,,63,Guyane,973,1,2,0.10,0.958,"Guyane (973), 1re circ."
PA795876,Davy Rimane,GDR,1.974,48,"Contremaître, agent de maîtrise",Kourou,France,,97302,,46,Guyane,973,2,2,0.04,0.959,"Guyane (973), 2e circ."
PA795884,Marc Ferracci,EPR,1.974,34,"Professeur, profession scientifique",Les Lilas,France,25920.0,09906,,48,Français établis hors de France,099,6,2,0.19,0.987,"Français établis hors de France (099), 6e circ."
PA795900,Marine Hamelet,RN,1.974,55,Employé de commerce,Savigny sur Orge,France,26220.0,82002,20829.0,58,Tarn-et-Garonne,82,2,2,0.81,0.987,"Tarn-et-Garonne (82), 2e circ."
PA795908,Yannick Chenevard,EPR,2.4832,31,Profession libérale,Toulon,France,20270.0,83001,20270.0,66,Var,83,1,2,0.20,0.953,"Var (83), 1re circ."
PA795912,Laure Lavalette,RN,1.974,0,Non classé,Paris,France,31670.0,83002,21773.0,49,Var,83,2,2,0.12,0.993,"Var (83), 2e circ."
PA795920,Prisca Thevenot,EPR,2.2645,46,Profession intermédiaire administrative et commerciale des entreprises,Strasbourg,France,19210.0,92008,36415.0,41,Hauts-de-Seine,92,8,2,0.43,0.968,"Hauts-de-Seine (92), 8e circ."
PA795954,Catherine Ibled,EPR,0.0,37,Cadre administratif et commercial d'entreprise,Neuilly-Sur-Seine,France,55520.0,75013,31670.0,50,Paris,75,13,1,0.29,0.979,"Paris (75), 13e circ."
PA795962,Joséphine Missoffe,EPR,0.0,0,Non classé,Boulogne Billancourt,France,38810.0,75014,31670.0,52,Paris,75,14,1,0.28,0.890,"Paris (75), 14e circ."
PA795966,Stéphane Rambaud,RN,1.974,74,Ancien cadre,Alger,France,,83003,24327.0,65,Var,83,3,2,0.35,0.985,"Var (83), 3e circ."
PA795974,Philippe Lottiaux,RN,1.974,33,Cadre de la fonction publique,Auchel,France,15060.0,83004,22872.0,59,Var,83,4,2,0.48,0.980,"Var (83), 4e circ."
PA795982,Aurélien Saintoul,LFI-NFP,1.974,33,Cadre de la fonction publique,Drancy,France,17080.0,92011,26856.0,37,Hauts-de-Seine,92,11,2,0.44,0.992,"Hauts-de-Seine (92), 11e circ."
PA795998,Émeline K/Bidi,GDR,1.974,31,Profession libérale,Saint-Denis,France,15920.0,97404,14038.0,38,Réunion,974,4,2,0.13,0.940,"Réunion (974), 4e circ."
PA796010,Frédéric Maillot,GDR,1.974,43,Profession intermédiaire de la santé et du travail social,Saint Pierre de La Réunion,France,15000.0,97406,14996.0,39,Réunion,974,6,2,0.09,0.903,"Réunion (974), 6e circ."
PA796018,Danielle Simonnet,ECOS,1.974,34,"Professeur, profession scientifique",Montereau Fault Yonne,France,13460.0,75015,31670.0,54,Paris,75,15,2,0.31,0.976,"Paris (75), 15e circ."
PA796026,Julie Lechanteux,RN,1.974,0,Non classé,Annecy,France,26740.0,83005,23562.0,48,Var,83,5,2,0.24,0.989,"Var (83), 5e circ."
PA796034,Frank Giletti,RN,1.974,33,Cadre de la fonction publique,Evreux,France,16770.0,83006,24398.0,53,Var,83,6,2,0.27,0.992,"Var (83), 6e circ."
PA796042,Frédéric Boccaletti,RN,1.974,0,Non classé,Martigues,France,22300.0,83007,23443.0,52,Var,83,7,2,0.48,0.979,"Var (83), 7e circ."
PA796050,Philippe Schreck,RN,1.974,31,Profession libérale,Verdun,France,19570.0,83008,22347.0,54,Var,83,8,2,0.30,0.990,"Var (83), 8e circ."
PA796062,Thomas Portes,LFI-NFP,1.974,52,Employé civil et agent de service de la fonction publique,carmaux,France,18340.0,93003,23605.0,40,Seine-Saint-Denis,93,3,2,0.37,0.991,"Seine-Saint-Denis (93), 3e circ."
PA796070,Perceval Gaillard,LFI-NFP,1.974,43,Profession intermédiaire de la santé et du travail social,Rouen,France,20870.0,97407,15487.0,42,Réunion,974,7,2,0.40,0.993,"Réunion (974), 7e circ."
PA796078,Estelle Youssouffa,LIOT,1.974,31,Profession libérale,Chatenay-Malabry,France,28070.0,97601,,47,Mayotte,976,1,2,0.09,0.919,"Mayotte (976), 1re circ."
PA796090,Aymeric Caron,LFI-NFP,1.974,35,"Profession de l'information, des arts et des spectacles",Boulogne-sur-Mer,France,16050.0,75018,31670.0,54,Paris,75,18,2,0.24,0.987,"Paris (75), 18e circ."
PA796106,Édouard Bénard,GDR,1.974,52,Employé civil et agent de service de la fonction publique,Rouen,France,20870.0,76003,19785.0,31,Seine-Maritime,76,3,2,0.18,0.946,"Seine-Maritime (76), 3e circ."
PA796118,Bénédicte Auzanot,RN,1.974,0,Non classé,Besançon,France,19890.0,84002,22503.0,53,Vaucluse,84,2,2,0.23,0.986,"Vaucluse (84), 2e circ."
PA805166,Anne Bergantz,DEM,1.6674,43,Profession intermédiaire de la santé et du travail social,Chalons-sur-Saône,France,18490.0,78002,36352.0,57,Yvelines,78,2,2,0.52,0.940,"Yvelines (78), 2e circ."
PA817203,Laure Miller,EPR,1.3607,31,Profession libérale,Reims,France,19350.0,51002,21197.0,42,Marne,51,2,2,0.18,0.918,"Marne (51), 2e circ."
PA817211,René Pilato,LFI-NFP,1.3607,34,"Professeur, profession scientifique",Lagny-sur Marne,France,25580.0,16001,21337.0,63,Charente,16,1,2,0.42,0.985,"Charente (16), 1re circ."
PA822617,Martine Froger,SOC,1.1882,37,Cadre administratif et commercial d'entreprise,Blois,France,18130.0,09001,20209.0,64,Ariège,09,1,2,0.24,0.963,"Ariège (09), 1re circ."
PA826635,Aurélien Rousseau,SOC,0.6242,0,Non classé,Alès,France,16510.0,78007,28081.0,49,Yvelines,78,7,1,0.30,0.885,"Yvelines (78), 7e circ."
PA840075,Eddy Casterman,RN,0.0,37,Cadre administratif et commercial d'entreprise,Lille,France,19700.0,02003,18370.0,29,Aisne,02,3,1,0.31,0.992,"Aisne (02), 3e circ."
PA840119,Sandra Delannoy,NI,0.0,21,Artisan,Valenciennes,France,19390.0,59003,17647.0,51,Nord,59,3,1,0.31,0.583,"Nord (59), 3e circ."
PA840135,Alexandre Dufosset,RN,0.0,54,Employé administratif d'entreprise,Maubeuge,France,14020.0,59018,19459.0,27,Nord,59,18,1,0.33,0.950,"Nord (59), 18e circ."
PA840143,Guillaume Florquin,RN,0.0,33,Cadre de la fonction publique,Roncq,France,25670.0,59020,18576.0,32,Nord,59,20,1,0.38,0.995,"Nord (59), 20e circ."
PA840159,Bruno Clavet,RN,0.0,45,Profession intermédiaire administrative de la fonction publique,Aubagne,France,22210.0,62003,16611.0,36,Pas-de-Calais,62,3,1,0.21,0.979,"Pas-de-Calais (62), 3e circ."
PA840171,Emmanuel Grégoire,SOC,0.0,37,Cadre administratif et commercial d'entreprise,Les Lilas,France,25920.0,75007,31670.0,48,Paris,75,7,1,0.33,0.979,"Paris (75), 7e circ."
PA840235,Moerani Frébault,EPR,0.0,33,Cadre de la fonction publique,Atuona Hiva Oa,France,,98701,,37,Polynésie française,987,1,1,0.07,0.935,"Polynésie française (987), 1re circ."
PA840657,Sophie Ricourt Vaginay,UDDPLR,0.0,37,Cadre administratif et commercial d'entreprise,Toulon,France,20270.0,04002,21497.0,56,Alpes-de-Haute-Provence,04,2,1,0.28,0.955,"Alpes-de-Haute-Provence (04), 2e circ."
PA840665,Marie-José Allemand,SOC,0.0,12,Agriculteur sur moyenne exploitation,Manosque,France,20680.0,05001,21877.0,56,Hautes-Alpes,05,1,1,0.45,0.966,"Hautes-Alpes (05), 1re circ."
PA840673,Valérie Rossi,SOC,0.0,37,Cadre administratif et commercial d'entreprise,Marseille,France,19710.0,05002,21568.0,61,Hautes-Alpes,05,2,1,0.50,0.949,"Hautes-Alpes (05), 2e circ."
PA840685,Vincent Trébuchet,UDDPLR,0.0,37,Cadre administratif et commercial d'entreprise,Paris,France,31670.0,07002,22243.0,37,Ardèche,07,2,1,0.24,0.978,"Ardèche (07), 2e circ."
PA840701,Bernard Chaix,UDDPLR,0.0,22,Commerçant et assimilé,Nice,France,21150.0,06003,21268.0,61,Alpes-Maritimes,06,3,1,0.23,0.920,"Alpes-Maritimes (06), 3e circ."
PA840721,Marc Chavent,UDDPLR,0.0,33,Cadre de la fonction publique,Bourg-en-Bresse,France,19090.0,01005,21594.0,57,Ain,01,5,1,0.25,0.972,"Ain (01), 5e circ."
PA840757,Monique Griseti,RN,0.0,22,Commerçant et assimilé,Marseille,France,19710.0,13001,19710.0,65,Bouches-du-Rhône,13,1,1,0.43,0.987,"Bouches-du-Rhône (13), 1re circ."
PA840765,Laurent Lhardit,SOC,0.0,37,Cadre administratif et commercial d'entreprise,Marseille,France,19710.0,13002,19710.0,62,Bouches-du-Rhône,13,2,1,0.35,0.950,"Bouches-du-Rhône (13), 2e circ."
PA840773,Olivier Fayssat,UDDPLR,0.0,23,Chef d'entreprise de 10 salariés ou plus,Marseille,France,19710.0,13006,19710.0,57,Bouches-du-Rhône,13,6,1,0.61,0.974,"Bouches-du-Rhône (13), 6e circ."
PA840781,Romain Tonussi,RN,0.0,45,Profession intermédiaire administrative de la fonction publique,Istres,France,22530.0,13008,25348.0,29,Bouches-du-Rhône,13,8,1,0.36,0.990,"Bouches-du-Rhône (13), 8e circ."
PA840793,Marc Pena,SOC,0.0,34,"Professeur, profession scientifique",Marseille,France,19710.0,13011,27136.0,65,Bouches-du-Rhône,13,11,1,0.23,0.931,"Bouches-du-Rhône (13), 11e circ."
PA840801,Emmanuel Fouquart,RN,0.0,52,Employé civil et agent de service de la fonction publique,Maubeuge,France,14020.0,13013,22214.0,59,Bouches-du-Rhône,13,13,1,0.37,0.995,"Bouches-du-Rhône (13), 13e circ."
PA840809,Gérault Verny,UDDPLR,0.0,23,Chef d'entreprise de 10 salariés ou plus,Bourgoin-Jallieu,France,20140.0,13014,27108.0,41,Bouches-du-Rhône,13,14,1,0.17,0.933,"Bouches-du-Rhône (13), 14e circ."
PA840817,Joël Bruneau,LIOT,0.0,31,Profession libérale,Levroux,France,20550.0,14001,22386.0,62,Calvados,14,1,1,0.46,0.821,"Calvados (14), 1re circ."
PA840829,Fabrice Barusseau,SOC,0.0,34,"Professeur, profession scientifique",Saintes,France,21220.0,17003,21322.0,55,Charente-Maritime,17,3,1,0.34,0.973,"Charente-Maritime (17), 3e circ."
PA840837,Pascal Markowsky,RN,0.0,72,"Ancien artisan, commerçant, chef d'entreprise",Valenciennes,France,19390.0,17004,21477.0,71,Charente-Maritime,17,4,1,0.51,0.987,"Charente-Maritime (17), 4e circ."
PA840857,Nadine Lechon,RN,0.0,12,Agriculteur sur moyenne exploitation,Sainte-Foy-la-Grande,France,10290.0,24001,21256.0,62,Dordogne,24,1,1,0.41,0.988,"Dordogne (24), 1re circ."
PA840869,Florence Joubert,RN,0.0,33,Cadre de la fonction publique,Reims,France,19350.0,24003,20536.0,60,Dordogne,24,3,1,0.44,0.991,"Dordogne (24), 3e circ."
PA840889,Matthieu Bloch,UDDPLR,0.0,37,Cadre administratif et commercial d'entreprise,Audincourt,France,16610.0,25003,22519.0,42,Doubs,25,3,1,0.27,0.930,"Doubs (25), 3e circ."
PA840903,Paul Christophle,SOC,0.0,37,Cadre administratif et commercial d'entreprise,Arles,France,19080.0,26001,21154.0,39,Drôme,26,1,1,0.22,0.965,"Drôme (26), 1re circ."
PA840915,Thibaut Monnier,RN,0.0,37,Cadre administratif et commercial d'entreprise,Belfort,France,17660.0,26004,21886.0,39,Drôme,26,4,1,0.33,0.989,"Drôme (26), 4e circ."
PA840939,Océane Godard,SOC,0.0,37,Cadre administratif et commercial d'entreprise,Sens,France,17090.0,21001,23915.0,43,Côte-d'or,21,1,1,0.27,0.984,"Côte-d'or (21), 1re circ."
PA840947,Catherine Hervieu,ECOS,0.0,0,Non classé,Meknès,Maroc,,21002,23221.0,67,Côte-d'or,21,2,1,0.35,0.964,"Côte-d'or (21), 2e circ."
PA840955,Pierre Pribetich,SOC,0.0,34,"Professeur, profession scientifique",Roubaix,France,10650.0,21003,22895.0,69,Côte-d'or,21,3,1,0.50,0.960,"Côte-d'or (21), 3e circ."
PA840967,René Lioret,RN,0.0,74,Ancien cadre,Chagny,France,21060.0,21005,24516.0,74,Côte-d'or,21,5,1,0.27,0.981,"Côte-d'or (21), 5e circ."
PA840979,Corentin Le Fur,DR,0.0,37,Cadre administratif et commercial d'entreprise,Paris,France,31670.0,22003,21922.0,36,Côtes-d'armor,22,3,1,0.30,0.941,"Côtes-d'armor (22), 3e circ."
PA840983,Bartolomé Lenoir,UDDPLR,0.0,37,Cadre administratif et commercial d'entreprise,Angers,France,20870.0,23001,19937.0,34,Creuse,23,1,1,0.26,0.961,"Creuse (23), 1re circ."
PA840997,Benoît Biteau,ECOS,0.0,12,Agriculteur sur moyenne exploitation,Royan,France,23250.0,17002,23141.0,58,Charente-Maritime,17,2,1,0.26,0.972,"Charente-Maritime (17), 2e circ."
PA841017,Harold Huwart,LIOT,0.0,33,Cadre de la fonction publique,Chartres,France,22560.0,28003,22093.0,44,Eure-et-Loir,28,3,1,0.11,0.853,"Eure-et-Loir (28), 3e circ."
PA841023,Pierre-Yves Cadalen,LFI-NFP,0.0,34,"Professeur, profession scientifique",Brest,France,20950.0,29002,21617.0,33,Finistère,29,2,1,0.30,0.992,"Finistère (29), 2e circ."
PA841047,François-Xavier Ceccoli,DR,0.0,23,Chef d'entreprise de 10 salariés ou plus,Cervione,France,21060.0,2b002,,57,Haute-corse,2b,2,1,0.13,0.921,"Haute-corse (2b), 2e circ."
PA841067,Alexandre Allegret-Pilot,UDDPLR,0.0,33,Cadre de la fonction publique,Annecy,France,26740.0,30005,18988.0,37,Gard,30,5,1,0.44,0.945,"Gard (30), 5e circ."
PA841075,Sylvie Josserand,RN,0.0,31,Profession libérale,Mâcon,France,18210.0,30006,18752.0,57,Gard,30,6,1,0.41,0.990,"Gard (30), 6e circ."
PA841091,Arnaud Simion,SOC,0.0,33,Cadre de la fonction publique,Castelsarrasin,France,18840.0,31006,26969.0,57,Haute-Garonne,31,6,1,0.33,0.969,"Haute-Garonne (31), 6e circ."
PA841107,Jacques Oberti,SOC,0.0,38,Ingénieur et cadre technique d'entreprise,Marseille,France,19710.0,31010,27597.0,65,Haute-Garonne,31,10,1,0.76,0.954,"Haute-Garonne (31), 10e circ."
PA841131,Manon Bouquin,RN,0.0,33,Cadre de la fonction publique,Evreux,France,16770.0,34004,23768.0,33,Hérault,34,4,1,0.51,0.987,"Hérault (34), 4e circ."
PA841139,Julien Gabarron,RN,0.0,37,Cadre administratif et commercial d'entreprise,Lille,France,19700.0,34006,17638.0,44,Hérault,34,6,1,0.24,0.994,"Hérault (34), 6e circ."
PA841151,Alix Fruchon,DR,0.0,0,Non classé,Chateauroux,France,19420.0,36002,21200.0,31,Indre,36,2,1,0.24,0.728,"Indre (36), 2e circ."
PA841183,Hanane Mansouri,UDDPLR,0.0,84,"Elève, étudiant",Echirolles,France,18790.0,38008,24485.0,25,Isère,38,8,1,0.19,0.960,"Isère (38), 8e circ."
PA841191,Sandrine Nosbé,LFI-NFP,0.0,54,Employé administratif d'entreprise,La Réunion,France,,38009,24552.0,53,Isère,38,9,1,0.45,0.989,"Isère (38), 9e circ."
PA841199,Thierry Perez,RN,0.0,33,Cadre de la fonction publique,Paris,France,31670.0,38010,22390.0,59,Isère,38,10,1,0.35,0.992,"Isère (38), 10e circ."
PA841207,Charles Alloncle,UDDPLR,0.0,37,Cadre administratif et commercial d'entreprise,Nancy,France,22210.0,34009,19490.0,32,Hérault,34,9,1,0.16,0.965,"Hérault (34), 9e circ."
PA841215,Marie Mesmeur,LFI-NFP,0.0,0,Non classé,Landerneau,France,23060.0,35001,23326.0,31,Ille-et-Vilaine,35,1,1,0.40,0.991,"Ille-et-Vilaine (35), 1re circ."
PA841223,Tristan Lahais,ECOS,0.0,37,Cadre administratif et commercial d'entreprise,Rennes,France,22630.0,35002,24392.0,42,Ille-et-Vilaine,35,2,1,0.38,0.981,"Ille-et-Vilaine (35), 2e circ."
PA841243,Sébastien Saint-Pasteur,SOC,0.0,33,Cadre de la fonction publique,Tarbes,France,17780.0,33007,27107.0,45,Gironde,33,7,1,0.29,0.969,"Gironde (33), 7e circ."
PA841251,Mathilde Feld,LFI-NFP,0.0,33,Cadre de la fonction publique,Rueil-Malmaison,France,36020.0,33012,23454.0,56,Gironde,33,12,1,0.44,0.993,"Gironde (33), 12e circ."
PA841295,Pierrick Courbon,SOC,0.0,37,Cadre administratif et commercial d'entreprise,Firminy,France,17570.0,42001,18769.0,40,Loire,42,1,1,0.33,0.957,"Loire (42), 1re circ."
PA841315,Karim Benbrahim,SOC,0.0,38,Ingénieur et cadre technique d'entreprise,Salon-de-Provence,France,22080.0,44001,24858.0,45,Loire-Atlantique,44,1,1,0.37,0.968,"Loire-Atlantique (44), 1re circ."
PA841327,Fabrice Roussel,SOC,0.0,34,"Professeur, profession scientifique",Nantes,France,24380.0,44005,25229.0,52,Loire-Atlantique,44,5,1,0.42,0.982,"Loire-Atlantique (44), 5e circ."
PA841339,Jean-Michel Brard,HOR,0.0,22,Commerçant et assimilé,Pornic,France,26630.0,44009,23750.0,57,Loire-Atlantique,44,9,1,0.21,0.840,"Loire-Atlantique (44), 9e circ."
PA841351,Emmanuel Duplessy,ECOS,0.0,33,Cadre de la fonction publique,Pontoise,France,21870.0,45002,21931.0,36,Loiret,45,2,1,0.24,0.936,"Loiret (45), 2e circ."
PA841359,Constance de Pélichy,LIOT,0.0,37,Cadre administratif et commercial d'entreprise,Blois,France,18130.0,45003,23117.0,39,Loiret,45,3,1,0.24,0.882,"Loiret (45), 3e circ."
PA841367,Christophe Proença,SOC,0.0,34,"Professeur, profession scientifique",Saint-Céré,France,20680.0,46002,21548.0,59,Lot,46,2,1,0.35,0.961,"Lot (46), 2e circ."
PA841381,Sophie Pantel,SOC,0.0,0,Non classé,Mende,France,22880.0,48001,21056.0,54,Lozère,48,1,1,0.51,0.922,"Lozère (48), 1re circ."
PA841395,Maxime Michelet,UDDPLR,0.0,33,Cadre de la fonction publique,Châlons-sur-Marne,France,19500.0,51003,21137.0,33,Marne,51,3,1,0.36,0.982,"Marne (51), 3e circ."
PA841419,Damien Girard,ECOS,0.0,38,Ingénieur et cadre technique d'entreprise,Cholet,France,21500.0,56005,22433.0,52,Morbihan,56,5,1,0.11,0.973,"Morbihan (56), 5e circ."
PA841431,Nathalie Colin-Oesterlé,HOR,0.0,31,Profession libérale,Ollioules,France,25490.0,57003,22598.0,60,Moselle,57,3,1,0.26,0.900,"Moselle (57), 3e circ."
PA841439,Pascal Jenft,RN,0.0,21,Artisan,Sarreguemines,France,19320.0,57005,22519.0,59,Moselle,57,5,1,0.48,0.992,"Moselle (57), 5e circ."
PA841451,Julien Guibert,RN,0.0,46,Profession intermédiaire administrative et commerciale des entreprises,Clamecy,France,17140.0,58002,20578.0,41,Nièvre,58,2,1,0.47,0.993,"Nièvre (58), 2e circ."
PA841463,Estelle Mercier,SOC,0.0,34,"Professeur, profession scientifique",Nancy,France,22210.0,54001,23239.0,53,Meurthe-et-Moselle,54,1,1,0.41,0.965,"Meurthe-et-Moselle (54), 1re circ."
PA841471,Stéphane Hablot,SOC,0.0,0,Non classé,Mont-Saint-Martin,France,16570.0,54002,22334.0,60,Meurthe-et-Moselle,54,2,1,0.15,0.939,"Meurthe-et-Moselle (54), 2e circ."
PA841479,Frédéric Weber,RN,0.0,43,Profession intermédiaire de la santé et du travail social,Metz,France,20310.0,54003,22861.0,52,Meurthe-et-Moselle,54,3,1,0.45,0.987,"Meurthe-et-Moselle (54), 3e circ."
PA841487,Anthony Boulogne,RN,0.0,37,Cadre administratif et commercial d'entreprise,Laxou,France,23960.0,54006,21990.0,32,Meurthe-et-Moselle,54,6,1,0.43,0.963,"Meurthe-et-Moselle (54), 6e circ."
PA841495,Maxime Amblard,RN,0.0,38,Ingénieur et cadre technique d'entreprise,L'Isle-d'Espagnac,France,22310.0,55001,21588.0,29,Meuse,55,1,1,0.40,0.979,"Meuse (55), 1re circ."
PA841507,Nicolas Bonnet,ECOS,0.0,38,Ingénieur et cadre technique d'entreprise,Clermont-Ferrand,France,19500.0,63003,22197.0,45,Puy-de-Dôme,63,3,1,0.40,0.958,"Puy-de-Dôme (63), 3e circ."
PA841515,Aurélien Le Coq,LFI-NFP,0.0,54,Employé administratif d'entreprise,Paris,France,31670.0,59001,19765.0,29,Nord,59,1,1,0.34,0.994,"Nord (59), 1re circ."
PA841539,Julien Gokel,SOC,0.0,45,Profession intermédiaire administrative de la fonction publique,Saint-Pol-sur-mer,France,19490.0,59013,19316.0,42,Nord,59,13,1,0.15,0.972,"Nord (59), 13e circ."
PA841553,Thierry Tesson,RN,0.0,74,Ancien cadre,Les Sables d'Olonne,France,24720.0,59017,19720.0,68,Nord,59,17,1,0.38,0.992,"Nord (59), 17e circ."
PA841563,Claire Marais-Beuil,RN,0.0,31,Profession libérale,Caen,France,21220.0,60001,20794.0,67,Oise,60,1,1,0.80,0.990,"Oise (60), 1re circ."
PA841575,Frédéric-Pierre Vos,RN,0.0,31,Profession libérale,Draveil,France,26680.0,60005,23501.0,62,Oise,60,5,1,0.20,0.992,"Oise (60), 5e circ."
PA841587,David Magnier,RN,0.0,48,"Contremaître, agent de maîtrise",Beauvais,France,18180.0,60007,20121.0,53,Oise,60,7,1,0.62,0.990,"Oise (60), 7e circ."
PA841605,Antoine Golliot,RN,0.0,47,Technicien,Saint-Martin-Boulogne,France,20960.0,62005,19727.0,40,Pas-de-Calais,62,5,1,0.36,0.989,"Pas-de-Calais (62), 5e circ."
PA841613,Marc de Fleurian,RN,0.0,33,Cadre de la fonction publique,Ploemeur,France,27250.0,62007,19512.0,37,Pas-de-Calais,62,7,1,0.64,0.987,"Pas-de-Calais (62), 7e circ."
PA841621,Auguste Evrard,RN,0.0,33,Cadre de la fonction publique,Blendecques,France,19130.0,62008,19657.0,25,Pas-de-Calais,62,8,1,0.24,0.987,"Pas-de-Calais (62), 8e circ."
PA841633,Peio Dufau,SOC,0.0,48,"Contremaître, agent de maîtrise",Saint-Jean-de-Luz,France,23520.0,64006,24426.0,46,Pyrénées-Atlantiques,64,6,1,0.38,0.916,"Pyrénées-Atlantiques (64), 6e circ."
PA841645,Théo Bernhardt,RN,0.0,0,Non classé,Angers,France,20870.0,67008,25765.0,25,Bas-Rhin,67,8,1,0.48,0.944,"Bas-Rhin (67), 8e circ."
PA841657,Anaïs Belouassa-Cherifi,LFI-NFP,0.0,37,Cadre administratif et commercial d'entreprise,Thionville,France,24910.0,69001,25860.0,31,Rhône,69,1,1,0.25,0.993,"Rhône (69), 1re circ."
PA841665,Denis Fégné,SOC,0.0,74,Ancien cadre,Castelsarrasin,France,18840.0,65002,20547.0,65,Hautes-Pyrénées,65,2,1,0.42,0.965,"Hautes-Pyrénées (65), 2e circ."
PA841681,Thierry Sother,SOC,0.0,33,Cadre de la fonction publique,Mulhouse,France,14390.0,67003,19536.0,44,Bas-Rhin,67,3,1,0.27,0.961,"Bas-Rhin (67), 3e circ."
PA841701,Léa Balage El Mariky,ECOS,0.0,37,Cadre administratif et commercial d'entreprise,Evry,France,17490.0,75003,31670.0,35,Paris,75,3,1,0.33,0.982,"Paris (75), 3e circ."
PA841713,Boris Tavernier,ECOS,0.0,37,Cadre administratif et commercial d'entreprise,Doullens,France,17130.0,69002,25860.0,46,Rhône,69,2,1,0.29,0.968,"Rhône (69), 2e circ."
PA841717,Sandrine Runel,SOC,0.0,33,Cadre de la fonction publique,Nîmes,France,17290.0,69004,25860.0,46,Rhône,69,4,1,0.37,0.973,"Rhône (69), 4e circ."
PA841729,Abdelkader Lahmar,LFI-NFP,0.0,34,"Professeur, profession scientifique",Lyon,France,25860.0,69007,18640.0,54,Rhône,69,7,1,0.23,0.962,"Rhône (69), 7e circ."
PA841737,Jonathan Gery,RN,0.0,53,Policier et militaire,Aubenas,France,18650.0,69008,26694.0,39,Rhône,69,8,1,0.43,0.994,"Rhône (69), 8e circ."
PA841749,Tiffany Joncour,RN,0.0,37,Cadre administratif et commercial d'entreprise,Lyon 8,France,25860.0,69013,24289.0,36,Rhône,69,13,1,0.52,0.990,"Rhône (69), 13e circ."
PA841761,Aurélien Dutremble,RN,0.0,47,Technicien hospitalier,Saint-Rémy,France,23260.0,71003,22418.0,47,Saône-et-Loire,71,3,1,0.29,0.994,"Saône-et-Loire (71), 3e circ."
PA841769,Éric Michoux,UDDPLR,0.0,23,Chef d'entreprise de 10 salariés ou plus,Paris,France,31670.0,71004,21113.0,66,Saône-et-Loire,71,4,1,0.40,0.941,"Saône-et-Loire (71), 4e circ."
PA841813,Florence Herouin-Léautey,SOC,0.0,33,Cadre de la fonction publique,Paris,France,31670.0,76001,21977.0,53,Seine-Maritime,76,1,1,0.27,0.970,"Seine-Maritime (76), 1re circ."
PA841825,Patrice Martin,RN,0.0,11,Agriculteur sur petite exploitation,Neufchâtel-en-Bray,France,18650.0,76006,20809.0,62,Seine-Maritime,76,6,1,0.55,0.982,"Seine-Maritime (76), 6e circ."
PA841837,Robert Le Bourgeois,RN,0.0,37,Cadre administratif et commercial d'entreprise,Dieppe,France,17670.0,76010,22954.0,56,Seine-Maritime,76,10,1,0.44,0.992,"Seine-Maritime (76), 10e circ."
PA841845,Arnaud Saint-Martin,LFI-NFP,0.0,34,"Professeur, profession scientifique",Boulogne-Billancourt,France,38810.0,77001,23338.0,47,Seine-et-Marne,77,1,1,0.41,0.991,"Seine-et-Marne (77), 1re circ."
PA841853,Céline Hervieu,SOC,0.0,31,Profession libérale,Paris,France,31670.0,75011,31670.0,32,Paris,75,11,1,0.20,0.974,"Paris (75), 11e circ."
PA841873,Julien Limongi,RN,0.0,74,Ancien cadre,La Ciotat,France,23640.0,77004,23682.0,30,Seine-et-Marne,77,4,1,0.51,0.992,"Seine-et-Marne (77), 4e circ."
PA841885,Arnaud Bonnet,ECOS,0.0,34,"Professeur, profession scientifique",Argenteuil,France,18060.0,77008,26576.0,49,Seine-et-Marne,77,8,1,0.36,0.980,"Seine-et-Marne (77), 8e circ."
PA841893,Céline Thiébault-Martinez,SOC,0.0,37,Cadre administratif et commercial d'entreprise,Charleville-Mézières,France,16890.0,77009,26780.0,51,Seine-et-Marne,77,9,1,0.36,0.960,"Seine-et-Marne (77), 9e circ."
PA841919,Dieynaba Diop,SOC,0.0,34,"Professeur, profession scientifique",Mantes-la-Jolie,France,15230.0,78009,25444.0,51,Yvelines,78,9,1,0.31,0.975,"Yvelines (78), 9e circ."
PA841927,Anne-Sophie Ronceret,EPR,0.0,33,Cadre de la fonction publique,Suresnes,France,34640.0,78010,31026.0,48,Yvelines,78,10,1,0.31,0.966,"Yvelines (78), 10e circ."
PA841931,Laurent Mazaury,LIOT,0.0,37,Cadre administratif et commercial d'entreprise,Pantin,France,18580.0,78011,24569.0,60,Yvelines,78,11,1,0.16,0.844,"Yvelines (78), 11e circ."
PA841947,Zahia Hamdane,LFI-NFP,0.0,43,Profession intermédiaire de la santé et du travail social,Amiens,France,18460.0,80002,20410.0,60,Somme,80,2,1,0.40,0.989,"Somme (80), 2e circ."
PA841955,Matthias Renault,RN,0.0,37,Cadre administratif et commercial d'entreprise,Villeurbanne,France,20910.0,80003,21019.0,37,Somme,80,3,1,0.56,0.992,"Somme (80), 3e circ."
PA841973,Pierre-Henri Carbonnel,UDDPLR,0.0,12,Agriculteur sur moyenne exploitation,Montauban,France,21140.0,82001,21007.0,35,Tarn-et-Garonne,82,1,1,0.45,0.967,"Tarn-et-Garonne (82), 1re circ."
PA841981,Catherine Rimbert,RN,0.0,31,Profession libérale,Avignon,France,15800.0,84005,21163.0,57,Vaucluse,84,5,1,0.48,0.988,"Vaucluse (84), 5e circ."
PA842001,Guillaume Bigot,RN,0.0,35,"Profession de l'information, des arts et des spectacles",Paris,France,31670.0,90002,21217.0,56,Territoire de Belfort,90,2,1,0.19,0.974,"Territoire de Belfort (90), 2e circ."
PA842013,Steevy Gustave,ECOS,0.0,35,"Profession de l'information, des arts et des spectacles",Arpajon,France,21670.0,91003,26757.0,56,Essonne,91,3,1,0.56,0.963,"Essonne (91), 3e circ."
PA842029,Claire Lejeune,LFI-NFP,0.0,0,Non classé,Juvisy,France,23600.0,91007,23466.0,31,Essonne,91,7,1,0.51,0.991,"Essonne (91), 7e circ."
PA842037,Bérenger Cernon,LFI-NFP,0.0,65,"Ouvrier qualifié de la manutention, du magasinage et du transport",Joigny,France,16890.0,91008,25957.0,37,Essonne,91,8,1,0.46,0.991,"Essonne (91), 8e circ."
PA842045,Julie Ozenne,ECOS,0.0,38,Ingénieur et cadre technique d'entreprise,Granville,France,22230.0,91009,24911.0,47,Essonne,91,9,1,0.47,0.970,"Essonne (91), 9e circ."
PA842073,Gaëtan Dussausaye,RN,0.0,55,Employé de commerce,Brétigny-sur-Orge,France,23520.0,88002,20375.0,31,Vosges,88,2,1,0.48,0.921,"Vosges (88), 2e circ."
PA842085,Sébastien Humbert,RN,0.0,33,Cadre de la fonction publique,Epinal,France,19310.0,88004,21381.0,35,Vosges,88,4,1,0.64,0.991,"Vosges (88), 4e circ."
PA842097,Sophie-Laurence Roy,RN,0.0,31,Profession libérale,Paris,France,31670.0,89002,21212.0,70,Yonne,89,2,1,0.34,0.992,"Yonne (89), 2e circ."
PA842105,Raphaël Arnault,LFI-NFP,0.0,52,Employé civil et agent de service de la fonction publique,Lyon,France,25860.0,84001,16758.0,31,Vaucluse,84,1,1,0.32,0.998,"Vaucluse (84), 1re circ."
PA842121,Nicolas Tryzna,DR,0.0,31,Profession libérale,Paris,France,31670.0,94007,24561.0,38,Val-de-Marne,94,7,1,0.29,0.956,"Val-de-Marne (94), 7e circ."
PA842125,Thomas Lam,HOR,0.0,23,Chef d'entreprise de 10 salariés ou plus,Villeurbanne,France,20910.0,92002,27646.0,44,Hauts-de-Seine,92,2,1,0.53,0.842,"Hauts-de-Seine (92), 2e circ."
PA842141,Élisabeth de Maistre,DR,0.0,31,Profession libérale,Paris,France,31670.0,92009,38810.0,50,Hauts-de-Seine,92,9,1,0.28,0.910,"Hauts-de-Seine (92), 9e circ."
PA842147,Christophe Mongardien,EPR,0.5202,0,Non classé,Marseille,France,19710.0,92013,34002.0,63,Hauts-de-Seine,92,13,1,0.71,0.976,"Hauts-de-Seine (92), 13e circ."
PA842155,Aly Diouara,LFI-NFP,0.0,33,Cadre de la fonction publique,La Courneuve,France,12410.0,93005,15641.0,39,Seine-Saint-Denis,93,5,1,0.21,0.995,"Seine-Saint-Denis (93), 5e circ."
PA842183,Benoît Blanchard,HOR,0.0,0,Non classé,La Rochelle,France,21920.0,95004,26995.0,64,Val-d'oise,95,4,1,0.53,0.850,"Val-d'oise (95), 4e circ."
PA842187,Gabrielle Cathala,LFI-NFP,0.0,33,Cadre de la fonction publique,Talence,France,24400.0,95006,25703.0,33,Val-d'oise,95,6,1,0.47,0.991,"Val-d'oise (95), 6e circ."
PA842195,Romain Eskenazi,SOC,0.0,33,Cadre de la fonction publique,Paris,France,31670.0,95007,22001.0,39,Val-d'oise,95,7,1,0.31,0.976,"Val-d'oise (95), 7e circ."
PA842211,Béatrice Bellay,SOC,0.0,33,Cadre de la fonction publique,Villepinte,France,17330.0,97203,17540.0,50,Martinique,972,3,1,0.15,0.948,"Martinique (972), 3e circ."
PA842227,Joseph Rivière,RN,0.0,45,Profession intermédiaire administrative de la fonction publique,Saint-Denis,France,15920.0,97403,12889.0,54,Réunion,974,3,1,0.25,0.991,"Réunion (974), 3e circ."
PA842255,Anne Sicard,RN,0.0,37,Cadre administratif et commercial d'entreprise,Strasbourg,France,19210.0,95001,25529.0,58,Val-d'oise,95,1,1,0.46,0.988,"Val-d'oise (95), 1re circ."
PA842263,Ayda Hadizadeh,SOC,0.0,37,Cadre administratif et commercial d'entreprise,Téhéran,Iran,,95002,23765.0,44,Val-d'oise,95,2,1,0.33,0.967,"Val-d'oise (95), 2e circ."
PA842271,Emmanuel Maurel,GDR,0.0,34,"Professeur, profession scientifique",Epinay-sur-Seine,France,15930.0,95003,27204.0,52,Val-d'oise,95,3,1,0.21,0.931,"Val-d'oise (95), 3e circ."
PA842279,Anchya Bamana,RN,0.0,33,Cadre de la fonction publique,Sada,France,,97602,,54,Mayotte,976,2,1,0.23,0.983,"Mayotte (976), 2e circ."
PA842299,Emmanuel Tjibaou,GDR,0.0,33,Cadre de la fonction publique,Nouméa,France,,98802,,49,Nouvelle-Calédonie,988,2,1,0.06,0.959,"Nouvelle-Calédonie (988), 2e circ."
PA842311,Vincent Caure,EPR,0.0,33,Cadre de la fonction publique,Castres,France,20120.0,09903,,33,Français établis hors de France,099,3,1,0.28,0.981,"Français établis hors de France (099), 3e circ."
PA870009,Lionel Duparay,DR,0.0,37,Cadre administratif et commercial d'entreprise,Châtenay-Malabry,France,28070.0,71005,20793.0,45,Saône-et-Loire,71,5,1,0.50,0.923,"Saône-et-Loire (71), 5e circ."
PA878242,Antoine Valentin,UDDPLR,0.0,23,Chef d'entreprise de 10 salariés ou plus,Bonneville,France,25410.0,74003,32491.0,33,Haute-Savoie,74,3,1,0.11,0.984,"Haute-Savoie (74), 3e circ."
PA879389,Marie-Philippe Lubet,EPR,0.0,0,Non classé,Orléans,France,20750.0,45001,23230.0,66,Loiret,45,1,1,0.09,1.000,"Loiret (45), 1re circ."
PA942,Charles de Courson,LIOT,24.3326,33,Cadre de la fonction publique,Paris 16,France,31670.0,51005,23085.0,73,Marne,51,5,6,0.21,0.857,"Marne (51), 5e circ."
